0.01,0,,squared error,,
0.01,0,,0.0001,,RMS
0.1,0,,0.0001,,1.103676244
0.02,0,,0.01,,
0.02,0,,0.0004,,
0.02,0,,0.0004,,
0.06,0,,0.0004,,
0.13,0,,0.0036,,
0.05,0,,0.0169,,
0.01,0,,0.0025,,
0,0,,0.0001,,
0,0,,0,,
0.04,0,,0,,
0,0,,0.0016,,
-0.04,0,,0,,
0.07,0,,0.0016,,
-0.05,0,,0.0049,,
0,0,,0.0025,,
-0.04,0,,0,,
-0.04,0,,0.0016,,
-0.01,0,,0.0016,,
-0.01,0,,0.0001,,
-0.13,0,,0.0001,,
-0.02,0,,0.0169,,
-0.02,0,,0.0004,,
-0.06,0,,0.0004,,
-0.1,0,,0.0036,,
-0.13,0,,0.01,,
-0.05,0,,0.0169,,
0.03,0,,0.0025,,
-0.13,0,,0.0009,,
-0.01,0,,0.0169,,
-0.01,0,,0.0001,,
0,0,,0.0001,,
0.04,0,,0,,
-0.05,0,,0.0016,,
-0.07,0,,0.0025,,
-0.04,0,,0.0049,,
0.09,0,,0.0016,,
0.12,0,,0.0081,,
0.09,0,,0.0144,,
0.05,0,,0.0081,,
0.05,0,,0.0025,,
0.05,0,,0.0025,,
0.05,0,,0.0025,,
0.09,0,,0.0025,,
0.13,0,,0.0081,,
-0.08,0,,0.0169,,
-0.04,0,,0.0064,,
-0.08,0,,0.0016,,
0.12,0,,0.0064,,
-0.03,0,,0.0144,,
0.04,0,,0.0009,,
0.08,0,,0.0016,,
-0.05,0,,0.0064,,
-0.05,0,,0.0025,,
-0.02,0,,0.0025,,
0.02,0,,0.0004,,
-0.06,0,,0.0004,,
-0.1,0,,0.0036,,
-0.02,0,,0.01,,
-0.02,0,,0.0004,,
0.02,0,,0.0004,,
-0.02,0,,0.0004,,
-0.02,0,,0.0004,,
-0.02,0,,0.0004,,
-0.1,0,,0.0004,,
0.03,0,,0.01,,
0.03,0,,0.0009,,
0.03,0,,0.0009,,
-0.08,0,,0.0009,,
0.03,0,,0.0064,,
-0.08,0,,0.0009,,
-0.08,0,,0.0064,,
0.04,0,,0.0064,,
0,0,,0.0016,,
0.04,0,,0,,
-0.03,0,,0.0016,,
0.05,0,,0.0009,,
0.05,0,,0.0025,,
-0.03,0,,0.0025,,
0.01,0,,0.0009,,
-0.03,0,,0.0001,,
-0.07,0,,0.0009,,
0.06,0,,0.0049,,
0.02,0,,0.0036,,
-0.01,0,,0.0004,,
0.11,0,,0.0001,,
0.03,0,,0.0121,,
0.03,0,,0.0009,,
0.03,0,,0.0009,,
0.03,0,,0.0009,,
0.03,0,,0.0009,,
0.03,0,,0.0009,,
-0.01,0,,0.0009,,
0.03,0,,0.0001,,
0.03,0,,0.0009,,
0.06,0,,0.0009,,
0.02,0,,0.0036,,
-0.06,0,,0.0004,,
-0.1,0,,0.0036,,
0.07,0,,0.01,,
0,0,,0.0049,,
0.08,0,,0,,
-0.04,0,,0.0064,,
0.03,0,,0.0016,,
-0.02,0,,0.0009,,
-0.07,0,,0.0004,,
0.05,0,,0.0049,,
0.05,0,,0.0025,,
0.05,0,,0.0025,,
0.05,0,,0.0025,,
0.01,0,,0.0025,,
-0.03,0,,0.0001,,
0.04,0,,0.0009,,
0.08,0,,0.0016,,
0.08,0,,0.0064,,
0.04,0,,0.0064,,
0.01,0,,0.0016,,
0.04,0,,0.0001,,
0.08,0,,0.0016,,
-0.08,0,,0.0064,,
-0.02,0,,0.0064,,
0.02,0,,0.0004,,
-0.01,0,,0.0004,,
-0.09,0,,0.0001,,
0.04,0,,0.0081,,
0.04,0,,0.0016,,
-0.04,0,,0.0016,,
-0.04,0,,0.0016,,
-0.08,0,,0.0016,,
-0.04,0,,0.0064,,
0.01,0,,0.0016,,
0.05,0,,0.0001,,
0.02,0,,0.0025,,
-0.02,0,,0.0004,,
-0.06,0,,0.0004,,
0.1,0,,0.0036,,
0.1,0,,0.01,,
0.1,0,,0.01,,
0.1,0,,0.01,,
0.14,0,,0.01,,
0.18,0,,0.0196,,
0.1,0,,0.0324,,
0.05,0,,0.01,,
0.1,0,,0.0025,,
0.1,0,,0.01,,
0.13,0,,0.01,,
0.09,0,,0.0169,,
0.06,0,,0.0081,,
0.09,0,,0.0036,,
0.13,0,,0.0081,,
0.13,0,,0.0169,,
0.13,0,,0.0169,,
0.13,0,,0.0169,,
0.13,0,,0.0169,,
0.09,0,,0.0169,,
-0.04,0,,0.0081,,
-0.04,0,,0.0016,,
0,-4,,0.0016,,
-0.08,-4,,16,,
-0.2,-4,,15.3664,,
-0.11,-4,,14.44,,
-0.07,-4,,15.1321,,
0.09,-4,,15.4449,,
0.09,-4,,16.7281,,
-0.03,-4,,16.7281,,
-0.23,-4,,15.7609,,
-0.33,-4,,14.2129,,
-0.34,-4,,13.4689,,
-0.46,-4,,13.3956,,
-0.37,-4,,12.5316,,
-0.45,-4,,13.1769,,
-0.41,-4,,12.6025,,
-0.45,-4,,12.8881,,
-0.53,-4,,12.6025,,
-0.53,-4,,12.0409,,
-0.68,-4,,12.0409,,
-0.95,-4,,11.0224,,
-0.99,-4,,9.3025,,
-1.02,-4,,9.0601,,
-1.28,-4,,8.8804,,
-1.28,-4,,7.3984,,
-1.25,-4,,7.3984,,
-1.33,-4,,7.5625,,
-1.33,-4,,7.1289,,
-1.59,-4,,7.1289,,
-1.78,-4,,5.8081,,
-1.89,-4,,4.9284,,
-1.85,-4,,4.4521,,
-1.83,-4,,4.6225,,
-2.05,-4,,4.7089,,
-2.13,-4,,3.8025,,
-2.85,-4,,3.4969,,
-2.9,-4,,1.3225,,
-2.81,-4,,1.21,,
-2.7,-4,,1.4161,,
-2.77,-4,,1.69,,
-3,-4,,1.5129,,
-3.25,-4,,1,,
-3.18,-4,,0.5625,,
-2.85,-4,,0.6724,,
-3.11,-4,,1.3225,,
-3.55,-4,,0.7921,,
-4.05,-4,,0.2025,,
-4.09,-4,,0.0025,,
-3.76,-4,,0.0081,,
-3.43,-4,,0.0576,,
-3.98,-4,,0.3249,,
-4.01,-4,,0.0004,,
-4.11,-4,,1E-04,,
-4.07,-4,,0.0121,,
-4.23,-4,,0.0049,,
-4.01,-4,,0.0529,,
-4.04,-4,,1E-04,,
-4.04,-4,,0.0016,,
-4.39,-4,,0.0016,,
-4.36,-4,,0.1521,,
-4.33,-4,,0.1296,,
-4.08,-4,,0.1089,,
-4.08,-4,,0.0064,,
-4.3,-4,,0.0064,,
-4.12,-4,,0.09,,
-4.36,-4,,0.0144,,
-4.02,-4,,0.1296,,
-4.13,-4,,0.0004,,
-4.47,-4,,0.0169,,
-4.65,-4,,0.2209,,
-4.1,-4,,0.4225,,
-4.11,-4,,0.01,,
-4.29,-4,,0.0121,,
-4.38,-4,,0.0841,,
-4.18,-4,,0.1444,,
-4.03,-4,,0.0324,,
-4.3,-4,,0.0009,,
-4.46,-4,,0.09,,
-4.15,-4,,0.2116,,
-4.23,-4,,0.0225,,
-4.3,-4,,0.0529,,
-4.39,-4,,0.09,,
-4.45,-4,,0.1521,,
-4.57,-4,,0.2025,,
-4.88,-4,,0.3249,,
-4.46,-4,,0.7744,,
-4.42,-4,,0.2116,,
-4.55,-4,,0.1764,,
-4.33,-4,,0.3025,,
-4.5,-4,,0.1089,,
-4.25,-4,,0.25,,
-4.6,-4,,0.0625,,
-4.33,-4,,0.36,,
-4.46,-4,,0.1089,,
-4.73,-4,,0.2116,,
-4.54,-4,,0.5329,,
-4.39,-4,,0.2916,,
-4.32,-4,,0.1521,,
-4.75,-4,,0.1024,,
-4.59,-4,,0.5625,,
-4.25,-4,,0.3481,,
-4.27,-4,,0.0625,,
-4.58,-4,,0.0729,,
-4.44,-4,,0.3364,,
-4.25,-4,,0.1936,,
-4.4,-4,,0.0625,,
-4.41,-4,,0.16,,
-4.27,-4,,0.1681,,
-4.39,-4,,0.0729,,
-4.38,-4,,0.1521,,
-4.48,-4,,0.1444,,
-4.26,-4,,0.2304,,
-4.3,-4,,0.0676,,
-4.48,-4,,0.09,,
-4.34,-4,,0.2304,,
-4.29,-4,,0.1156,,
-4.1,-4,,0.0841,,
-4.63,-4,,0.01,,
-4.33,-4,,0.3969,,
-4.41,-4,,0.1089,,
-4.56,-4,,0.1681,,
-4.38,-4,,0.3136,,
-4.38,-4,,0.1444,,
-4.57,-4,,0.1444,,
-4.35,-4,,0.3249,,
-4.38,-4,,0.1225,,
-4.22,-4,,0.1444,,
-4.58,-4,,0.0484,,
-4.32,-4,,0.3364,,
-4.37,-4,,0.1024,,
-4.67,-4,,0.1369,,
-4.64,-4,,0.4489,,
-4.42,-4,,0.4096,,
-4.28,-4,,0.1764,,
-4.59,-4,,0.0784,,
-4.74,-4,,0.3481,,
-4.34,-4,,0.5476,,
-4.39,-4,,0.1156,,
-4.51,-4,,0.1521,,
-4.64,-4,,0.2601,,
-4.37,-4,,0.4096,,
-4.33,-4,,0.1369,,
-4.49,-4,,0.1089,,
-4.26,-4,,0.2401,,
-4.33,-4,,0.0676,,
-4.52,-4,,0.1089,,
-4.69,-4,,0.2704,,
-4.24,-4,,0.4761,,
-4.29,-4,,0.0576,,
-4.5,-4,,0.0841,,
-4.19,-4,,0.25,,
-3.92,-4,,0.0361,,
-3.75,-4,,0.0064,,
-4.29,-4,,0.0625,,
-3.98,-4,,0.0841,,
-4,-4,,0.0004,,
-4.11,-4,,0,,
-4.22,-4,,0.0121,,
-3.97,-4,,0.0484,,
-3.95,-4,,0.0009,,
-4.18,-4,,0.0025,,
-4.22,-4,,0.0324,,
-4.04,-4,,0.0484,,
-4.15,-4,,0.0016,,
-4.19,-4,,0.0225,,
-4.09,-4,,0.0361,,
-4.14,-4,,0.0081,,
-4.3,-4,,0.0196,,
-4.34,-4,,0.09,,
-4.07,-4,,0.1156,,
-4.09,-4,,0.0049,,
-4.6,-4,,0.0081,,
-4.79,-4,,0.36,,
-4.33,-4,,0.6241,,
-4.34,-4,,0.1089,,
-4.6,-4,,0.1156,,
-4.32,-4,,0.36,,
-4.2,-4,,0.1024,,
-4.11,-4,,0.04,,
-4.59,-4,,0.0121,,
-4.25,-4,,0.3481,,
-4.21,-4,,0.0625,,
-4.25,-4,,0.0441,,
-4.29,-4,,0.0625,,
-4.27,-4,,0.0841,,
-4.12,-4,,0.0729,,
-4.33,-4,,0.0144,,
-4.08,-4,,0.1089,,
-4.12,-4,,0.0064,,
-4.02,-4,,0.0144,,
-4.31,-4,,0.0004,,
-4.08,-4,,0.0961,,
-4.04,-4,,0.0064,,
-4.18,-4,,0.0016,,
-4.21,-4,,0.0324,,
-4.03,-4,,0.0441,,
-4.2,-4,,0.0009,,
-4.31,-4,,0.04,,
-4.48,-4,,0.0961,,
-4.11,-4,,0.2304,,
-4.17,-4,,0.0121,,
-4.31,-4,,0.0289,,
-4.29,-4,,0.0961,,
-4.14,-4,,0.0841,,
-4.32,-4,,0.0196,,
-4.33,-4,,0.1024,,
-4.04,-4,,0.1089,,
-4.21,-4,,0.0016,,
-4.45,-4,,0.0441,,
-4.53,-4,,0.2025,,
-4.18,-4,,0.2809,,
-4.18,-4,,0.0324,,
-4.45,-4,,0.0324,,
-4.22,-4,,0.2025,,
-4.36,-4,,0.0484,,
-4.11,-4,,0.1296,,
-4.3,-4,,0.0121,,
-4.14,-4,,0.09,,
-4.09,-4,,0.0196,,
-4.24,-4,,0.0081,,
-4.19,-4,,0.0576,,
-4.01,-4,,0.0361,,
-3.97,-4,,1E-04,,
-4.16,-4,,0.0009,,
-3.9,-4,,0.0256,,
-3.96,-4,,0.01,,
-4.17,-4,,0.0016,,
-4.08,-4,,0.0289,,
-3.74,-4,,0.0064,,
-3.89,-4,,0.0676,,
-4.09,-4,,0.0121,,
-4.1,-4,,0.0081,,
-3.79,-4,,0.01,,
-3.93,-4,,0.0441,,
-4.02,-4,,0.0049,,
-4.19,-4,,0.0004,,
-4.01,-4,,0.0361,,
-4.05,-4,,1E-04,,
-4.07,-4,,0.0025,,
-3.84,-4,,0.0049,,
-3.87,-4,,0.0256,,
-3.71,-4,,0.0169,,
-3.98,-4,,0.0841,,
-3.92,-4,,0.0004,,
-4.01,-4,,0.0064,,
-4.17,-4,,1E-04,,
-3.87,-4,,0.0289,,
-3.92,-4,,0.0169,,
-3.81,-4,,0.0064,,
-4.11,-4,,0.0361,,
-3.93,-4,,0.0121,,
-3.91,-4,,0.0049,,
-3.8,-4,,0.0081,,
-4.05,-4,,0.04,,
-3.9,-4,,0.0025,,
-3.84,-4,,0.01,,
-3.97,-4,,0.0256,,
-3.94,-4,,0.0009,,
-4.01,-4,,0.0036,,
-4.08,-4,,1E-04,,
-4.15,-4,,0.0064,,
-4.35,-4,,0.0225,,
-4.09,-4,,0.1225,,
-4.06,-4,,0.0081,,
-4.26,-4,,0.0036,,
-4.01,-4,,0.0676,,
-4.08,-4,,1E-04,,
-4.24,-4,,0.0064,,
-4.39,-4,,0.0576,,
-4.05,-4,,0.1521,,
-4.07,-4,,0.0025,,
-3.93,-4,,0.0049,,
-4.18,-4,,0.0049,,
-3.86,-4,,0.0324,,
-3.76,-4,,0.0196,,
-4.06,-4,,0.0576,,
-3.79,-4,,0.0036,,
-3.9,-4,,0.0441,,
-3.69,-4,,0.01,,
-4.04,-4,,0.0961,,
-3.81,-4,,0.0016,,
-3.87,-4,,0.0361,,
-3.95,-4,,0.0169,,
-3.94,-4,,0.0025,,
-3.85,-4,,0.0036,,
-3.77,-4,,0.0225,,
-4.08,-4,,0.0529,,
-3.78,-4,,0.0064,,
-3.82,-4,,0.0484,,
-4.09,-4,,0.0324,,
-4.02,-4,,0.0081,,
-4.16,-4,,0.0004,,
-4.04,-4,,0.0256,,
-4.32,-4,,0.0016,,
-4.36,-4,,0.1024,,
-4.09,0,,0.1296,,
-4.22,0,,16.7281,,
-4.28,0,,17.8084,,
-4.47,0,,18.3184,,
-4.01,0,,19.9809,,
-4.22,0,,16.0801,,
-4.25,0,,17.8084,,
-4.21,0,,18.0625,,
-4.05,0,,17.7241,,
-3.71,0,,16.4025,,
-4,0,,13.7641,,
-3.7,0,,16,,
-3.59,0,,13.69,,
-3.51,0,,12.8881,,
-3.09,0,,12.3201,,
-3.11,0,,9.5481,,
-2.97,0,,9.6721,,
-2.97,0,,8.8209,,
-2.55,0,,8.8209,,
-2.42,0,,6.5025,,
-2.28,0,,5.8564,,
-2.07,0,,5.1984,,
-1.76,0,,4.2849,,
-1.61,0,,3.0976,,
-1.58,0,,2.5921,,
-1.37,0,,2.4964,,
-1,0,,1.8769,,
-0.79,0,,1,,
-0.86,0,,0.6241,,
-0.78,0,,0.7396,,
-0.49,0,,0.6084,,
-0.37,0,,0.2401,,
-0.41,0,,0.1369,,
-0.21,0,,0.1681,,
-0.17,0,,0.0441,,
-0.19,0,,0.0289,,
-0.1,0,,0.0361,,
0.09,0,,0.01,,
0,0,,0.0081,,
0.04,0,,0,,
0.08,0,,0.0016,,
0,0,,0.0064,,
0,0,,0,,
0.12,0,,0,,
0.16,0,,0.0144,,
0.08,0,,0.0256,,
-0.01,0,,0.0064,,
-0.01,0,,0.0001,,
0.11,0,,0.0001,,
0.02,0,,0.0121,,
0.02,0,,0.0004,,
0.02,0,,0.0004,,
0.07,0,,0.0004,,
-0.05,0,,0.0049,,
-0.05,0,,0.0025,,
0.07,0,,0.0025,,
-0.12,0,,0.0049,,
-0.11,0,,0.0144,,
0.02,0,,0.0121,,
-0.06,0,,0.0004,,
-0.05,0,,0.0036,,
0.11,0,,0.0025,,
0.07,0,,0.0121,,
-0.05,0,,0.0049,,
-0.05,0,,0.0025,,
-0.01,0,,0.0025,,
-0.01,0,,0.0001,,
-0.01,0,,0.0001,,
-0.02,0,,0.0001,,
0.1,0,,0.0004,,
-0.09,0,,0.01,,
-0.09,0,,0.0081,,
-0.06,0,,0.0081,,
-0.11,0,,0.0036,,
-0.07,0,,0.0121,,
-0.03,0,,0.0049,,
0.03,0,,0.0009,,
-0.05,0,,0.0009,,
-0.05,0,,0.0025,,
-0.01,0,,0.0025,,
-0.02,0,,0.0001,,
-0.13,0,,0.0004,,
-0.09,0,,0.0169,,
-0.06,0,,0.0081,,
-0.06,0,,0.0036,,
-0.06,0,,0.0036,,
-0.06,0,,0.0036,,
0.02,0,,0.0036,,
-0.02,0,,0.0004,,
-0.17,0,,0.0004,,
0.02,0,,0.0289,,
0.02,0,,0.0004,,
-0.05,0,,0.0004,,
0.03,0,,0.0025,,
0.03,0,,0.0009,,
0.03,0,,0.0009,,
0.07,0,,0.0009,,
0,0,,0.0049,,
0,0,,0,,
0,0,,0,,
-0.04,0,,0,,
0.08,0,,0.0016,,
0.04,0,,0.0064,,
0.04,0,,0.0016,,
0.04,0,,0.0016,,
0.08,0,,0.0016,,
0.08,0,,0.0064,,
0,0,,0.0064,,
0,0,,0,,
0.04,0,,0,,
0.08,0,,0.0016,,
-0.01,0,,0.0064,,
-0.01,0,,0.0001,,
-0.01,0,,0.0001,,
0,0,,0.0001,,
-0.08,0,,0,,
-0.08,0,,0.0064,,
0.03,0,,0.0064,,
0.03,0,,0.0009,,
-0.05,0,,0.0009,,
-0.05,0,,0.0025,,
-0.04,0,,0.0025,,
0,0,,0.0016,,
0,0,,0,,
0,0,,0,,
0,0,,0,,
0,0,,0,,
-0.08,0,,0,,
-0.11,0,,0.0064,,
-0.08,0,,0.0121,,
-0.11,0,,0.0064,,
0.01,0,,0.0121,,
0.01,0,,0.0001,,
0.05,0,,0.0001,,
-0.03,0,,0.0025,,
0.01,0,,0.0009,,
0.01,0,,0.0001,,
-0.03,0,,0.0001,,
0.01,0,,0.0009,,
0.05,0,,0.0001,,
0.05,0,,0.0025,,
-0.04,0,,0.0025,,
-0.04,0,,0.0016,,
-0.12,0,,0.0016,,
-0.12,0,,0.0144,,
-0.12,0,,0.0144,,
-0.12,0,,0.0144,,
0.04,0,,0.0144,,
0.04,0,,0.0016,,
0,0,,0.0016,,
0,0,,0,,
-0.09,0,,0,,
-0.09,0,,0.0081,,
-0.13,0,,0.0081,,
-0.09,0,,0.0169,,
-0.09,0,,0.0081,,
-0.09,0,,0.0081,,
-0.09,0,,0.0081,,
-0.13,0,,0.0081,,
-0.04,0,,0.0169,,
-0.04,0,,0.0016,,
0,0,,0.0016,,
0,0,,0,,
0.01,0,,0,,
0.09,0,,0.0001,,
0.02,0,,0.0081,,
0.05,0,,0.0004,,
-0.1,0,,0.0025,,
0.02,0,,0.01,,
0.02,0,,0.0004,,
-0.02,0,,0.0004,,
0.1,0,,0.0004,,
0.1,0,,0.01,,
-0.06,0,,0.01,,
-0.06,0,,0.0036,,
-0.02,0,,0.0036,,
-0.02,0,,0.0004,,
0.02,0,,0.0004,,
0.02,0,,0.0004,,
-0.03,0,,0.0004,,
-0.11,0,,0.0009,,
-0.07,0,,0.0121,,
-0.03,0,,0.0049,,
0.04,0,,0.0009,,
-0.04,0,,0.0016,,
0.03,0,,0.0016,,
-0.01,0,,0.0009,,
0.07,0,,0.0001,,
0.06,0,,0.0049,,
0.06,0,,0.0036,,
0.1,0,,0.0036,,
0.02,4,,0.01,,
0.02,4,,15.8404,,
0.23,4,,15.8404,,
0.23,4,,14.2129,,
0.31,4,,14.2129,,
0.47,4,,13.6161,,
0.5,4,,12.4609,,
0.62,4,,12.25,,
0.62,4,,11.4244,,
0.74,4,,11.4244,,
0.77,4,,10.6276,,
0.86,4,,10.4329,,
0.97,4,,9.8596,,
1.05,4,,9.1809,,
1.09,4,,8.7025,,
1.34,4,,8.4681,,
1.45,4,,7.0756,,
1.5,4,,6.5025,,
1.62,4,,6.25,,
1.77,4,,5.6644,,
1.77,4,,4.9729,,
1.93,4,,4.9729,,
1.89,4,,4.2849,,
2.31,4,,4.4521,,
2.34,4,,2.8561,,
2.26,4,,2.7556,,
2.38,4,,3.0276,,
2.55,4,,2.6244,,
2.7,4,,2.1025,,
2.65,4,,1.69,,
2.92,4,,1.8225,,
2.99,4,,1.1664,,
2.99,4,,1.0201,,
3.1,4,,1.0201,,
3.23,4,,0.81,,
3.09,4,,0.5929,,
3.23,4,,0.8281,,
3.44,4,,0.5929,,
3.46,4,,0.3136,,
3.57,4,,0.2916,,
3.65,4,,0.1849,,
3.7,4,,0.1225,,
3.99,4,,0.09,,
3.57,4,,1E-04,,
3.57,4,,0.1849,,
3.96,4,,0.1849,,
3.89,4,,0.0016,,
3.63,4,,0.0121,,
4.07,4,,0.1369,,
4.07,4,,0.0049,,
3.91,4,,0.0049,,
3.85,4,,0.0081,,
4,4,,0.0225,,
3.93,4,,0,,
3.94,4,,0.0049,,
4.09,4,,0.0036,,
3.96,4,,0.0081,,
3.91,4,,0.0016,,
4.02,4,,0.0081,,
3.77,4,,0.0004,,
4.15,4,,0.0529,,
3.98,4,,0.0225,,
3.76,4,,0.0004,,
4.07,4,,0.0576,,
4.15,4,,0.0049,,
3.98,4,,0.0225,,
3.96,4,,0.0004,,
4.22,4,,0.0016,,
3.8,4,,0.0484,,
3.91,4,,0.04,,
4.19,4,,0.0081,,
4.26,4,,0.0361,,
4.03,4,,0.0676,,
4.06,4,,0.0009,,
4.13,4,,0.0036,,
4.38,4,,0.0169,,
4.26,4,,0.1444,,
4.26,4,,0.0676,,
4.47,4,,0.0676,,
4.47,4,,0.2209,,
4.21,4,,0.2209,,
4.33,4,,0.0441,,
4.52,4,,0.1089,,
4.21,4,,0.2704,,
4.11,4,,0.0441,,
4.17,4,,0.0121,,
4.31,4,,0.0289,,
4.48,4,,0.0961,,
4.39,4,,0.2304,,
4.57,4,,0.1521,,
4.45,4,,0.3249,,
4.15,4,,0.2025,,
4.11,4,,0.0225,,
4.37,4,,0.0121,,
4.12,4,,0.1369,,
4.08,4,,0.0144,,
4.08,4,,0.0064,,
4.04,4,,0.0064,,
3.83,4,,0.0016,,
3.95,4,,0.0289,,
4.21,4,,0.0025,,
4.36,4,,0.0441,,
4.13,4,,0.1296,,
3.96,4,,0.0169,,
4.27,4,,0.0016,,
4.08,4,,0.0729,,
4.08,4,,0.0064,,
3.4,4,,0.0064,,
4.29,4,,0.36,,
4,4,,0.0841,,
3.81,4,,0,,
4.46,4,,0.0361,,
4.46,4,,0.2116,,
4.26,4,,0.2116,,
4.51,4,,0.0676,,
4.13,4,,0.2601,,
4.13,4,,0.0169,,
4.09,4,,0.0169,,
4.22,4,,0.0081,,
4.25,4,,0.0484,,
4.17,4,,0.0625,,
3.98,4,,0.0289,,
4.27,4,,0.0004,,
4.51,4,,0.0729,,
4.29,4,,0.2601,,
4.41,4,,0.0841,,
4.16,4,,0.1681,,
4.8,4,,0.0256,,
4.26,4,,0.64,,
4.14,4,,0.0676,,
4.41,4,,0.0196,,
3.63,4,,0.1681,,
4.02,4,,0.1369,,
3.8,4,,0.0004,,
3.89,4,,0.04,,
4.23,4,,0.0121,,
4.57,4,,0.0529,,
4.48,4,,0.3249,,
4.11,4,,0.2304,,
4.66,4,,0.0121,,
4.16,4,,0.4356,,
4.42,4,,0.0256,,
3.98,4,,0.1764,,
4.12,4,,0.0004,,
4.03,4,,0.0144,,
4.06,4,,0.0009,,
4.23,4,,0.0036,,
3.93,4,,0.0529,,
3.66,4,,0.0049,,
4.2,4,,0.1156,,
3.86,4,,0.04,,
4.26,4,,0.0196,,
4.2,4,,0.0676,,
4.32,4,,0.04,,
4.13,4,,0.1024,,
3.95,4,,0.0169,,
3.83,4,,0.0025,,
3.84,4,,0.0289,,
4.14,4,,0.0256,,
3.51,4,,0.0196,,
4.08,4,,0.2401,,
3.71,4,,0.0064,,
3.9,4,,0.0841,,
3.69,4,,0.01,,
4.1,4,,0.0961,,
3.99,4,,0.01,,
3.9,4,,1E-04,,
4.13,4,,0.01,,
4.13,4,,0.0169,,
3.95,4,,0.0169,,
4.01,4,,0.0025,,
4.2,4,,1E-04,,
3.91,4,,0.04,,
3.89,4,,0.0081,,
4.25,4,,0.0121,,
4.16,4,,0.0625,,
4.24,4,,0.0256,,
4.1,4,,0.0576,,
4.04,4,,0.01,,
4.15,4,,0.0016,,
3.69,4,,0.0225,,
4.07,4,,0.0961,,
4.2,4,,0.0049,,
4.32,4,,0.04,,
3.99,4,,0.1024,,
3.94,4,,1E-04,,
4.17,4,,0.0036,,
3.94,4,,0.0289,,
3.99,4,,0.0036,,
3.74,4,,1E-04,,
3.99,4,,0.0676,,
3.95,4,,1E-04,,
3.9,4,,0.0025,,
4.09,4,,0.01,,
3.96,4,,0.0081,,
3.83,4,,0.0016,,
3.71,4,,0.0289,,
4.06,4,,0.0841,,
3.95,4,,0.0036,,
4.02,4,,0.0025,,
4.02,4,,0.0004,,
4.08,4,,0.0004,,
3.99,4,,0.0064,,
3.99,4,,1E-04,,
4.03,4,,1E-04,,
4.17,4,,0.0009,,
3.97,4,,0.0289,,
3.9,4,,0.0009,,
4.19,4,,0.01,,
4.15,4,,0.0361,,
3.98,4,,0.0225,,
3.9,4,,0.0004,,
4.19,4,,0.01,,
4.11,4,,0.0361,,
3.77,4,,0.0121,,
4.19,4,,0.0529,,
4.07,4,,0.0361,,
3.95,4,,0.0049,,
3.84,4,,0.0025,,
4.07,4,,0.0256,,
4.32,4,,0.0049,,
3.89,4,,0.1024,,
3.89,4,,0.0121,,
4.08,4,,0.0121,,
3.96,4,,0.0064,,
3.86,4,,0.0016,,
3.74,4,,0.0196,,
4.29,4,,0.0676,,
3.9,4,,0.0841,,
4.02,4,,0.01,,
3.77,4,,0.0004,,
4.18,4,,0.0529,,
4.06,4,,0.0324,,
3.99,4,,0.0036,,
4.12,4,,1E-04,,
3.9,4,,0.0144,,
4.01,4,,0.01,,
3.78,4,,1E-04,,
4.28,4,,0.0484,,
3.85,4,,0.0784,,
3.85,4,,0.0225,,
4.39,4,,0.0225,,
4.34,4,,0.1521,,
4.06,4,,0.1156,,
4.02,4,,0.0036,,
4.43,4,,0.0004,,
4.6,4,,0.1849,,
4.09,4,,0.36,,
4.13,4,,0.0081,,
4.09,4,,0.0169,,
4.3,4,,0.0081,,
3.88,4,,0.09,,
3.96,4,,0.0144,,
4.2,4,,0.0016,,
4.3,4,,0.04,,
4.03,4,,0.09,,
4.26,4,,0.0009,,
4.59,4,,0.0676,,
4.34,4,,0.3481,,
4.19,4,,0.1156,,
4.02,4,,0.0361,,
3.8,4,,0.0004,,
3.85,4,,0.04,,
3.81,4,,0.0225,,
4.09,4,,0.0361,,
3.52,4,,0.0081,,
3.47,4,,0.2304,,
3.39,4,,0.2809,,
4.01,4,,0.3721,,
4.14,4,,1E-04,,
3.79,4,,0.0196,,
3.87,4,,0.0441,,
3.99,4,,0.0169,,
3.93,4,,1E-04,,
3.89,4,,0.0049,,
3.97,4,,0.0121,,
3.46,4,,0.0009,,
3.37,4,,0.2916,,
3.66,4,,0.3969,,
3.79,4,,0.1156,,
3.88,4,,0.0441,,
3.6,4,,0.0144,,
3.85,4,,0.16,,
4.14,4,,0.0225,,
4.03,4,,0.0196,,
4.07,4,,0.0009,,
3.76,4,,0.0049,,
4.03,4,,0.0576,,
3.68,4,,0.0009,,
3.94,4,,0.1024,,
4.17,4,,0.0036,,
3.87,4,,0.0289,,
3.46,4,,0.0169,,
3.91,4,,0.2916,,
3.94,4,,0.0081,,
3.95,4,,0.0036,,
4.04,4,,0.0025,,
3.83,4,,0.0016,,
3.79,4,,0.0289,,
4.24,4,,0.0441,,
4.07,4,,0.0576,,
4.02,4,,0.0049,,
3.65,4,,0.0004,,
3.49,4,,0.1225,,
3.24,4,,0.2601,,
4.05,0,,0.5776,,
4.24,0,,16.4025,,
3.76,0,,17.9776,,
3.92,0,,14.1376,,
3.99,0,,15.3664,,
4.24,0,,15.9201,,
4.42,0,,17.9776,,
4.58,0,,19.5364,,
3.83,0,,20.9764,,
3.6,0,,14.6689,,
3.59,0,,12.96,,
3.67,0,,12.8881,,
3.67,0,,13.4689,,
3.17,0,,13.4689,,
2.67,0,,10.0489,,
2.67,0,,7.1289,,
2.6,0,,7.1289,,
2.64,0,,6.76,,
2.55,0,,6.9696,,
2.71,0,,6.5025,,
1.78,0,,7.3441,,
1.78,0,,3.1684,,
1.99,0,,3.1684,,
1.42,0,,3.9601,,
0.84,0,,2.0164,,
0.5,0,,0.7056,,
0.28,0,,0.25,,
0.16,0,,0.0784,,
0.12,0,,0.0256,,
0.01,0,,0.0144,,
-0.2,0,,0.0001,,
-0.1,0,,0.04,,
-0.14,0,,0.01,,
-0.18,0,,0.0196,,
-0.18,0,,0.0324,,
-0.18,0,,0.0324,,
-0.11,0,,0.0324,,
-0.15,0,,0.0121,,
-0.19,0,,0.0225,,
-0.23,0,,0.0361,,
-0.27,0,,0.0529,,
-0.27,0,,0.0729,,
-0.23,0,,0.0729,,
-0.23,0,,0.0529,,
-0.15,0,,0.0529,,
-0.15,0,,0.0225,,
-0.11,0,,0.0225,,
-0.11,0,,0.0121,,
-0.07,0,,0.0121,,
-0.12,0,,0.0049,,
0.16,0,,0.0144,,
-0.03,0,,0.0256,,
0.01,0,,0.0009,,
0.06,0,,0.0001,,
0.06,0,,0.0036,,
0.01,0,,0.0036,,
0.01,0,,0.0001,,
0.01,0,,0.0001,,
0.01,0,,0.0001,,
-0.14,0,,0.0001,,
-0.06,0,,0.0196,,
-0.1,0,,0.0036,,
-0.14,0,,0.01,,
-0.07,0,,0.0196,,
-0.07,0,,0.0049,,
-0.07,0,,0.0049,,
-0.03,0,,0.0049,,
-0.03,0,,0.0009,,
-0.07,0,,0.0009,,
0.05,0,,0.0049,,
-0.1,0,,0.0025,,
0.03,0,,0.01,,
-0.05,0,,0.0009,,
-0.05,0,,0.0025,,
-0.01,0,,0.0025,,
0.03,0,,0.0001,,
0.03,0,,0.0009,,
-0.01,0,,0.0009,,
0.04,0,,0.0001,,
0.04,0,,0.0016,,
0.12,0,,0.0016,,
0.12,0,,0.0144,,
0.09,0,,0.0144,,
0.02,0,,0.0081,,
0.02,0,,0.0004,,
0.02,0,,0.0004,,
-0.06,0,,0.0004,,
-0.02,0,,0.0036,,
0.02,0,,0.0004,,
0.02,0,,0.0004,,
0.07,0,,0.0004,,
-0.02,0,,0.0049,,
0.06,0,,0.0004,,
0.02,0,,0.0036,,
-0.06,0,,0.0004,,
-0.02,0,,0.0036,,
0.02,0,,0.0004,,
0.06,0,,0.0004,,
-0.02,0,,0.0036,,
0.02,0,,0.0004,,
-0.03,0,,0.0004,,
-0.07,0,,0.0009,,
-0.04,0,,0.0049,,
0.04,0,,0.0016,,
0.04,0,,0.0016,,
0,0,,0.0016,,
0.08,0,,0,,
0,0,,0.0064,,
0.09,0,,0,,
0.09,0,,0.0081,,
0.09,0,,0.0081,,
0.04,0,,0.0081,,
0,0,,0.0016,,
0.04,0,,0,,
0.08,0,,0.0016,,
-0.04,0,,0.0064,,
-0.08,0,,0.0016,,
0,0,,0.0064,,
0,0,,0,,
0,0,,0,,
0,0,,0,,
0.09,0,,0,,
0.09,0,,0.0081,,
0.01,0,,0.0081,,
0.01,0,,0.0001,,
0.05,0,,0.0001,,
-0.03,0,,0.0025,,
0.05,0,,0.0009,,
-0.04,0,,0.0025,,
-0.04,0,,0.0016,,
-0.12,0,,0.0016,,
0.05,0,,0.0144,,
0.05,0,,0.0025,,
-0.04,0,,0.0025,,
0.04,0,,0.0016,,
0.12,0,,0.0016,,
0.12,0,,0.0144,,
0.08,0,,0.0144,,
0.12,0,,0.0064,,
0.12,0,,0.0144,,
0,0,,0.0144,,
-0.04,0,,0,,
-0.04,0,,0.0016,,
-0.04,0,,0.0016,,
0,0,,0.0016,,
0,0,,0,,
0.04,0,,0,,
0,0,,0.0016,,
0,0,,0,,
-0.05,0,,0,,
0.04,0,,0.0025,,
-0.09,0,,0.0016,,
0.04,0,,0.0081,,
0.12,0,,0.0016,,
0.04,0,,0.0144,,
0.04,0,,0.0016,,
0.04,0,,0.0016,,
0,0,,0.0016,,
0,0,,0,,
-0.08,0,,0,,
0.04,0,,0.0064,,
0.07,0,,0.0016,,
0.07,0,,0.0049,,
0.07,0,,0.0049,,
-0.08,0,,0.0049,,
0.09,0,,0.0064,,
-0.06,0,,0.0081,,
0.03,0,,0.0036,,
-0.01,0,,0.0009,,
-0.01,0,,0.0001,,
0.02,0,,0.0001,,
0.02,0,,0.0004,,
-0.1,0,,0.0004,,
-0.03,0,,0.01,,
0.01,0,,0.0009,,
-0.11,0,,0.0001,,
-0.11,0,,0.0121,,
-0.03,0,,0.0121,,
-0.03,0,,0.0009,,
-0.02,0,,0.0009,,
-0.01,0,,0.0004,,
0.1,0,,0.0001,,
0.1,0,,0.01,,
0.1,0,,0.01,,
0.26,0,,0.01,,
-0.06,0,,0.0676,,
0.04,0,,0.0036,,
0,-4,,0.0016,,
0.04,-4,,16,,
0.04,-4,,16.3216,,
0.01,-4,,16.3216,,
0.09,-4,,16.0801,,
0.09,-4,,16.7281,,
0.05,-4,,16.7281,,
-0.03,-4,,16.4025,,
-0.09,-4,,15.7609,,
-0.13,-4,,15.2881,,
-0.17,-4,,14.9769,,
-0.28,-4,,14.6689,,
-0.21,-4,,13.8384,,
-0.44,-4,,14.3641,,
-0.71,-4,,12.6736,,
-0.94,-4,,10.8241,,
-1.15,-4,,9.3636,,
-1.27,-4,,8.1225,,
-1.11,-4,,7.4529,,
-1.2,-4,,8.3521,,
-1.31,-4,,7.84,,
-1.4,-4,,7.2361,,
-1.69,-4,,6.76,,
-1.73,-4,,5.3361,,
-2.05,-4,,5.1529,,
-2.05,-4,,3.8025,,
-2.22,-4,,3.8025,,
-2.21,-4,,3.1684,,
-2.7,-4,,3.2041,,
-2.78,-4,,1.69,,
-2.89,-4,,1.4884,,
-3.08,-4,,1.2321,,
-3.23,-4,,0.8464,,
-3.42,-4,,0.5929,,
-3.39,-4,,0.3364,,
-3.28,-4,,0.3721,,
-3.26,-4,,0.5184,,
-3.26,-4,,0.5476,,
-3.26,-4,,0.5476,,
-3.78,-4,,0.5476,,
-3.75,-4,,0.0484,,
-3.79,-4,,0.0625,,
-3.46,-4,,0.0441,,
-4.05,-4,,0.2916,,
-4.14,-4,,0.0025,,
-4.26,-4,,0.0196,,
-4.33,-4,,0.0676,,
-4.5,-4,,0.1089,,
-3.92,-4,,0.25,,
-4.08,-4,,0.0064,,
-4.21,-4,,0.0064,,
-4.23,-4,,0.0441,,
-4.07,-4,,0.0529,,
-4.27,-4,,0.0049,,
-4.19,-4,,0.0729,,
-4.18,-4,,0.0361,,
-4.11,-4,,0.0324,,
-4.65,-4,,0.0121,,
-4.76,-4,,0.4225,,
-4.16,-4,,0.5776,,
-4.24,-4,,0.0256,,
-4.62,-4,,0.0576,,
-4.87,-4,,0.3844,,
-4.4,-4,,0.7569,,
-4.05,-4,,0.16,,
-4.17,-4,,0.0025,,
-4.39,-4,,0.0289,,
-4.4,-4,,0.1521,,
-4.48,-4,,0.16,,
-4.28,-4,,0.2304,,
-4.27,-4,,0.0784,,
-4.27,-4,,0.0729,,
-4.65,-4,,0.0729,,
-4.2,-4,,0.4225,,
-4.31,-4,,0.04,,
-4.19,-4,,0.0961,,
-4.87,-4,,0.0361,,
-4.32,-4,,0.7569,,
-4.29,-4,,0.1024,,
-4.58,-4,,0.0841,,
-4.74,-4,,0.3364,,
-4.37,-4,,0.5476,,
-4.23,-4,,0.1369,,
-4.39,-4,,0.0529,,
-4.58,-4,,0.1521,,
-4.6,-4,,0.3364,,
-4.4,-4,,0.36,,
-4.43,-4,,0.16,,
-4.43,-4,,0.1849,,
-4.49,-4,,0.1849,,
-4.76,-4,,0.2401,,
-4.64,-4,,0.5776,,
-4.42,-4,,0.4096,,
-4.3,-4,,0.1764,,
-4.57,-4,,0.09,,
-4.78,-4,,0.3249,,
-4.16,-4,,0.6084,,
-4.26,-4,,0.0256,,
-4.47,-4,,0.0676,,
-4.39,-4,,0.2209,,
-4.31,-4,,0.1521,,
-4.3,-4,,0.0961,,
-4.45,-4,,0.09,,
-4.3,-4,,0.2025,,
-4.27,-4,,0.09,,
-4.02,-4,,0.0729,,
-4.43,-4,,0.0004,,
-4.39,-4,,0.1849,,
-4.3,-4,,0.1521,,
-4.57,-4,,0.09,,
-4.31,-4,,0.3249,,
-4.27,-4,,0.0961,,
-4.1,-4,,0.0729,,
-4.48,-4,,0.01,,
-4.27,-4,,0.2304,,
-4.28,-4,,0.0729,,
-4.47,-4,,0.0784,,
-4.47,-4,,0.2209,,
-4.25,-4,,0.2209,,
-4.21,-4,,0.0625,,
-4.39,-4,,0.0441,,
-4.39,-4,,0.1521,,
-4.23,-4,,0.1521,,
-4.24,-4,,0.0529,,
-4.43,-4,,0.0576,,
-4.64,-4,,0.1849,,
-4.18,-4,,0.4096,,
-4.08,-4,,0.0324,,
-4.34,-4,,0.0064,,
-4.08,-4,,0.1156,,
-4.08,-4,,0.0064,,
-4.34,-4,,0.0064,,
-4.46,-4,,0.1156,,
-4.23,-4,,0.2116,,
-4.18,-4,,0.0529,,
-4.34,-4,,0.0324,,
-4.17,-4,,0.1156,,
-4.11,-4,,0.0289,,
-4.04,-4,,0.0121,,
-4.33,-4,,0.0016,,
-4.06,-4,,0.1089,,
-4.18,-4,,0.0036,,
-4.06,-4,,0.0324,,
-4.36,-4,,0.0036,,
-4.13,-4,,0.1296,,
-4.09,-4,,0.0169,,
-4.28,-4,,0.0081,,
-4.29,-4,,0.0784,,
-3.84,-4,,0.0841,,
-3.86,-4,,0.0256,,
-4,-4,,0.0196,,
-3.86,-4,,0,,
-3.97,-4,,0.0196,,
-4.16,-4,,0.0009,,
-4.18,-4,,0.0256,,
-3.94,-4,,0.0324,,
-4.03,-4,,0.0036,,
-4.34,-4,,0.0009,,
-4.45,-4,,0.1156,,
-4.07,-4,,0.2025,,
-4.14,-4,,0.0049,,
-4.29,-4,,0.0196,,
-4.47,-4,,0.0841,,
-4.29,-4,,0.2209,,
-4.38,-4,,0.0841,,
-4.39,-4,,0.1444,,
-4.28,-4,,0.1521,,
-4.32,-4,,0.0784,,
-4.45,-4,,0.1024,,
-4.85,-4,,0.2025,,
-4.59,-4,,0.7225,,
-4.63,-4,,0.3481,,
-4.63,-4,,0.3969,,
-4.41,-4,,0.3969,,
-4.39,-4,,0.1681,,
-4.24,-4,,0.1521,,
-4.58,-4,,0.0576,,
-4.23,-4,,0.3364,,
-4.37,-4,,0.0529,,
-4.56,-4,,0.1369,,
-4.53,-4,,0.3136,,
-4.3,-4,,0.2809,,
-4.25,-4,,0.09,,
-4.33,-4,,0.0625,,
-4.23,-4,,0.1089,,
-4.26,-4,,0.0529,,
-4.18,-4,,0.0676,,
-4.33,-4,,0.0324,,
-4.46,-4,,0.1089,,
-3.99,-4,,0.2116,,
-4.03,-4,,1E-04,,
-4.11,-4,,0.0009,,
-4,-4,,0.0121,,
-4.06,-4,,0,,
-4.25,-4,,0.0036,,
-4.5,-4,,0.0625,,
-3.94,-4,,0.25,,
-4.08,-4,,0.0036,,
-4.25,-4,,0.0064,,
-4.14,-4,,0.0625,,
-3.97,-4,,0.0196,,
-4.08,-4,,0.0009,,
-4.24,-4,,0.0064,,
-4.01,-4,,0.0576,,
-4.11,-4,,1E-04,,
-3.9,-4,,0.0121,,
-4.2,-4,,0.01,,
-4.09,-4,,0.04,,
-4.08,-4,,0.0081,,
-4.27,-4,,0.0064,,
-4.35,-4,,0.0729,,
-4.17,-4,,0.1225,,
-4.19,-4,,0.0289,,
-4.34,-4,,0.0361,,
-4.13,-4,,0.1156,,
-3.96,-4,,0.0169,,
-4.26,-4,,0.0016,,
-4.2,-4,,0.0676,,
-3.9,-4,,0.04,,
-3.9,-4,,0.01,,
-4.27,-4,,0.01,,
-4.13,-4,,0.0729,,
-3.96,-4,,0.0169,,
-3.99,-4,,0.0016,,
-4.15,-4,,1E-04,,
-4.23,-4,,0.0225,,
-3.97,-4,,0.0529,,
-3.91,-4,,0.0009,,
-4.11,-4,,0.0081,,
-3.95,-4,,0.0121,,
-3.93,-4,,0.0025,,
-3.72,-4,,0.0049,,
-4.2,-4,,0.0784,,
-3.95,-4,,0.04,,
-4.04,-4,,0.0025,,
-4.3,-4,,0.0016,,
-4.04,-4,,0.09,,
-4.04,-4,,0.0016,,
-4.04,-4,,0.0016,,
-4.14,-4,,0.0016,,
-3.91,-4,,0.0196,,
-4.01,-4,,0.0081,,
-3.89,-4,,1E-04,,
-4.15,-4,,0.0121,,
-3.94,-4,,0.0225,,
-3.99,-4,,0.0036,,
-4.09,-4,,1E-04,,
-4.09,-4,,0.0081,,
-3.98,-4,,0.0081,,
-4.03,-4,,0.0004,,
-4.12,-4,,0.0009,,
-4.32,-4,,0.0144,,
-3.87,-4,,0.1024,,
-3.92,-4,,0.0169,,
-4.09,-4,,0.0064,,
-3.91,-4,,0.0081,,
-3.94,-4,,0.0081,,
-4.02,-4,,0.0036,,
-4.07,-4,,0.0004,,
-3.92,-4,,0.0049,,
-3.99,-4,,0.0064,,
-4.07,-4,,1E-04,,
-4.25,-4,,0.0049,,
-3.99,-4,,0.0625,,
-3.99,-4,,1E-04,,
-4.19,-4,,1E-04,,
-4.05,-4,,0.0361,,
-4.01,-4,,0.0025,,
-3.81,-4,,1E-04,,
-3.93,-4,,0.0361,,
-3.59,-4,,0.0049,,
-3.72,-4,,0.1681,,
-3.55,-4,,0.0784,,
-3.87,-4,,0.2025,,
-3.72,-4,,0.0169,,
-3.69,-4,,0.0784,,
-3.88,-4,,0.0961,,
-3.9,-4,,0.0144,,
-3.8,-4,,0.01,,
-3.66,-4,,0.04,,
-3.66,-4,,0.1156,,
-3.62,-4,,0.1156,,
-3.56,-4,,0.1444,,
-3.86,-4,,0.1936,,
-3.97,-4,,0.0196,,
-3.65,-4,,0.0009,,
-3.52,-4,,0.1225,,
-3.76,-4,,0.2304,,
-3.87,-4,,0.0576,,
-3.92,-4,,0.0169,,
-4.01,-4,,0.0064,,
-3.92,-4,,1E-04,,
-4.17,-4,,0.0064,,
-3.87,-4,,0.0289,,
-3.79,-4,,0.0169,,
-4.14,0,,0.0441,,
-4,0,,17.1396,,
-3.82,0,,16,,
-3.96,0,,14.5924,,
-4.25,0,,15.6816,,
-4.15,0,,18.0625,,
-4.07,0,,17.2225,,
-4.28,0,,16.5649,,
-3.85,0,,18.3184,,
-3.61,0,,14.8225,,
-3.61,0,,13.0321,,
-3.84,0,,13.0321,,
-3.53,0,,14.7456,,
-3.46,0,,12.4609,,
-3.08,0,,11.9716,,
-3.33,0,,9.4864,,
-3.08,0,,11.0889,,
-2.87,0,,9.4864,,
-2.68,0,,8.2369,,
-2.56,0,,7.1824,,
-2.14,0,,6.5536,,
-1.86,0,,4.5796,,
-1.83,0,,3.4596,,
-1.58,0,,3.3489,,
-1.26,0,,2.4964,,
-1.19,0,,1.5876,,
-1.02,0,,1.4161,,
-0.73,0,,1.0404,,
-0.69,0,,0.5329,,
-0.57,0,,0.4761,,
-0.57,0,,0.3249,,
-0.3,0,,0.3249,,
-0.35,0,,0.09,,
-0.2,0,,0.1225,,
-0.24,0,,0.04,,
0.01,0,,0.0576,,
-0.03,0,,0.0001,,
0.05,0,,0.0009,,
0.05,0,,0.0025,,
0.09,0,,0.0025,,
0.17,0,,0.0081,,
-0.02,0,,0.0289,,
0.06,0,,0.0004,,
0.02,0,,0.0036,,
-0.06,0,,0.0004,,
0.11,0,,0.0036,,
0,0,,0.0121,,
0.03,0,,0,,
0,0,,0.0009,,
0,0,,0,,
0,0,,0,,
0,0,,0,,
0.08,0,,0,,
-0.03,0,,0.0064,,
0.01,0,,0.0009,,
0.01,0,,0.0001,,
0.09,0,,0.0001,,
0.05,0,,0.0081,,
0.01,0,,0.0025,,
-0.1,0,,0.0001,,
-0.1,0,,0.01,,
0.02,0,,0.01,,
-0.02,0,,0.0004,,
0.02,0,,0.0004,,
0.07,0,,0.0004,,
-0.06,0,,0.0049,,
0.01,0,,0.0036,,
0.01,0,,0.0001,,
0.12,0,,0.0001,,
-0.07,0,,0.0144,,
-0.07,0,,0.0049,,
-0.07,0,,0.0049,,
-0.03,0,,0.0049,,
-0.03,0,,0.0009,,
-0.06,0,,0.0009,,
-0.02,0,,0.0036,,
-0.06,0,,0.0004,,
-0.06,0,,0.0036,,
-0.06,0,,0.0036,,
0.05,0,,0.0036,,
-0.03,0,,0.0025,,
-0.03,0,,0.0009,,
-0.03,0,,0.0009,,
-0.07,0,,0.0009,,
-0.07,0,,0.0049,,
-0.07,0,,0.0049,,
-0.03,0,,0.0049,,
0.01,0,,0.0009,,
-0.07,0,,0.0001,,
0.01,0,,0.0049,,
0.01,0,,0.0001,,
0.05,0,,0.0001,,
0.05,0,,0.0025,,
0.05,0,,0.0025,,
0.09,0,,0.0025,,
0.01,0,,0.0081,,
-0.03,0,,0.0001,,
0.01,0,,0.0009,,
0.01,0,,0.0001,,
-0.03,0,,0.0001,,
0.01,0,,0.0009,,
0.01,0,,0.0001,,
0.08,0,,0.0001,,
-0.01,0,,0.0064,,
0.04,0,,0.0001,,
0.04,0,,0.0016,,
-0.01,0,,0.0016,,
-0.04,0,,0.0001,,
0,0,,0.0016,,
0,0,,0,,
0,0,,0,,
-0.04,0,,0,,
-0.08,0,,0.0016,,
-0.08,0,,0.0064,,
-0.08,0,,0.0064,,
-0.04,0,,0.0064,,
0,0,,0.0016,,
-0.04,0,,0,,
-0.04,0,,0.0016,,
-0.13,0,,0.0016,,
-0.05,0,,0.0169,,
-0.05,0,,0.0025,,
-0.12,0,,0.0025,,
-0.08,0,,0.0144,,
-0.08,0,,0.0064,,
-0.08,0,,0.0064,,
-0.08,0,,0.0064,,
-0.08,0,,0.0064,,
-0.12,0,,0.0064,,
0,0,,0.0144,,
0,0,,0,,
-0.04,0,,0,,
-0.08,0,,0.0016,,
0,0,,0.0064,,
0,0,,0,,
-0.04,0,,0,,
-0.04,0,,0.0016,,
-0.01,0,,0.0016,,
-0.01,0,,0.0001,,
0.2,0,,0.0001,,
0.08,0,,0.04,,
-0.04,0,,0.0064,,
0.04,0,,0.0016,,
0.12,0,,0.0016,,
-0.04,0,,0.0144,,
-0.04,0,,0.0016,,
0,0,,0.0016,,
0,0,,0,,
0.04,0,,0,,
-0.04,0,,0.0016,,
0,0,,0.0016,,
0.03,0,,0,,
0.04,0,,0.0009,,
-0.04,0,,0.0016,,
0,0,,0.0016,,
0.04,0,,0,,
0,0,,0.0016,,
-0.04,0,,0,,
-0.04,0,,0.0016,,
-0.15,0,,0.0016,,
-0.12,0,,0.0225,,
0.01,0,,0.0144,,
-0.08,0,,0.0001,,
-0.07,0,,0.0064,,
0.05,0,,0.0049,,
0.05,0,,0.0025,,
0.09,0,,0.0025,,
0.09,0,,0.0081,,
0.01,0,,0.0081,,
0.01,0,,0.0001,,
-0.03,0,,0.0001,,
-0.03,0,,0.0009,,
-0.07,0,,0.0009,,
-0.03,0,,0.0049,,
-0.11,0,,0.0009,,
-0.11,0,,0.0121,,
-0.08,0,,0.0121,,
0.01,0,,0.0064,,
-0.03,0,,0.0001,,
-0.04,0,,0.0009,,
0.01,0,,0.0016,,
0.01,0,,0.0001,,
0.01,0,,0.0001,,
-0.04,0,,0.0001,,
-0.04,0,,0.0016,,
-0.04,0,,0.0016,,
-0.07,0,,0.0016,,
-0.04,0,,0.0049,,
0,0,,0.0016,,
0.08,4,,0,,
0.04,4,,15.3664,,
0.09,4,,15.6816,,
0.17,4,,15.2881,,
0.25,4,,14.6689,,
0.29,4,,14.0625,,
0.37,4,,13.7641,,
0.41,4,,13.1769,,
0.44,4,,12.8881,,
0.56,4,,12.6736,,
0.64,4,,11.8336,,
0.88,4,,11.2896,,
0.88,4,,9.7344,,
0.92,4,,9.7344,,
1,4,,9.4864,,
1.15,4,,9,,
1.28,4,,8.1225,,
1.49,4,,7.3984,,
1.58,4,,6.3001,,
1.66,4,,5.8564,,
1.72,4,,5.4756,,
1.84,4,,5.1984,,
2.03,4,,4.6656,,
2.03,4,,3.8809,,
2.11,4,,3.8809,,
2.15,4,,3.5721,,
2.42,4,,3.4225,,
2.63,4,,2.4964,,
2.53,4,,1.8769,,
2.65,4,,2.1609,,
2.68,4,,1.8225,,
2.77,4,,1.7424,,
2.96,4,,1.5129,,
2.92,4,,1.0816,,
3.12,4,,1.1664,,
3.09,4,,0.7744,,
3.14,4,,0.8281,,
3.26,4,,0.7396,,
3.3,4,,0.5476,,
3.33,4,,0.49,,
3.18,4,,0.4489,,
3.6,4,,0.6724,,
3.52,4,,0.16,,
3.68,4,,0.2304,,
3.69,4,,0.1024,,
3.76,4,,0.0961,,
3.78,4,,0.0576,,
3.82,4,,0.0484,,
4,4,,0.0324,,
3.91,4,,0,,
4.05,4,,0.0081,,
3.79,4,,0.0025,,
3.87,4,,0.0441,,
4.06,4,,0.0169,,
3.83,4,,0.0036,,
3.99,4,,0.0289,,
4.31,4,,1E-04,,
3.9,4,,0.0961,,
4.05,4,,0.01,,
4.28,4,,0.0025,,
4.47,4,,0.0784,,
4.09,4,,0.2209,,
4.01,4,,0.0081,,
4.35,4,,1E-04,,
4.18,4,,0.1225,,
4.41,4,,0.0324,,
4.12,4,,0.1681,,
4,4,,0.0144,,
4.03,4,,0,,
4.16,4,,0.0009,,
3.95,4,,0.0256,,
4.33,4,,0.0025,,
4.37,4,,0.1089,,
4.31,4,,0.1369,,
4.59,4,,0.0961,,
4.17,4,,0.3481,,
3.84,4,,0.0289,,
4.32,4,,0.0256,,
4.45,4,,0.1024,,
4.04,4,,0.2025,,
4.04,4,,0.0016,,
4.12,4,,0.0016,,
4.5,4,,0.0144,,
4,4,,0.25,,
4.13,4,,0,,
4.38,4,,0.0169,,
4.51,4,,0.1444,,
4.42,4,,0.2601,,
4.21,4,,0.1764,,
4.25,4,,0.0441,,
4.54,4,,0.0625,,
4.04,4,,0.2916,,
3.88,4,,0.0016,,
4.07,4,,0.0144,,
3.75,4,,0.0049,,
4.16,4,,0.0625,,
4.1,4,,0.0256,,
4,4,,0.01,,
3.77,4,,0,,
3.97,4,,0.0529,,
4.39,4,,0.0009,,
4.28,4,,0.1521,,
3.86,4,,0.0784,,
3.9,4,,0.0196,,
4.23,4,,0.01,,
3.65,4,,0.0529,,
3.73,4,,0.1225,,
3.64,4,,0.0729,,
4.11,4,,0.1296,,
3.9,4,,0.0121,,
3.69,4,,0.01,,
4.27,4,,0.0961,,
4.23,4,,0.0729,,
4.09,4,,0.0529,,
4.19,4,,0.0081,,
4.32,4,,0.0361,,
4.3,4,,0.1024,,
4.08,4,,0.09,,
3.89,4,,0.0064,,
4.43,4,,0.0121,,
4.15,4,,0.1849,,
4.45,4,,0.0225,,
4.37,4,,0.2025,,
4.79,4,,0.1369,,
3.9,4,,0.6241,,
4.15,4,,0.01,,
4.52,4,,0.0225,,
4.45,4,,0.2704,,
4.19,4,,0.2025,,
4.5,4,,0.0361,,
4.53,4,,0.25,,
4.34,4,,0.2809,,
4.27,4,,0.1156,,
4.49,4,,0.0729,,
4.64,4,,0.2401,,
4.22,4,,0.4096,,
4.17,4,,0.0484,,
4.18,4,,0.0289,,
4.37,4,,0.0324,,
3.88,4,,0.1369,,
3.94,4,,0.0144,,
3.94,4,,0.0036,,
4.02,4,,0.0036,,
3.66,4,,0.0004,,
4.06,4,,0.1156,,
4.31,4,,0.0036,,
3.82,4,,0.0961,,
4.14,4,,0.0324,,
3.93,4,,0.0196,,
3.86,4,,0.0049,,
4.01,4,,0.0196,,
3.71,4,,1E-04,,
4.09,4,,0.0841,,
3.83,4,,0.0081,,
3.7,4,,0.0289,,
3.84,4,,0.09,,
4.1,4,,0.0256,,
4.17,4,,0.01,,
4.02,4,,0.0289,,
4.31,4,,0.0004,,
3.96,4,,0.0961,,
3.79,4,,0.0016,,
3.92,4,,0.0441,,
4.23,4,,0.0064,,
4.4,4,,0.0529,,
3.97,4,,0.16,,
4,4,,0.0009,,
4.1,4,,0,,
4.25,4,,0.01,,
4.14,4,,0.0625,,
3.91,4,,0.0196,,
4.15,4,,0.0081,,
3.8,4,,0.0225,,
3.93,4,,0.04,,
4.02,4,,0.0049,,
4.04,4,,0.0004,,
3.96,4,,0.0016,,
4.02,4,,0.0016,,
4.19,4,,0.0004,,
3.96,4,,0.0361,,
4.15,4,,0.0016,,
4.06,4,,0.0225,,
4.05,4,,0.0036,,
3.84,4,,0.0025,,
3.75,4,,0.0256,,
3.67,4,,0.0625,,
4,4,,0.1089,,
3.7,4,,0,,
3.81,4,,0.09,,
3.79,4,,0.0361,,
3.89,4,,0.0441,,
3.73,4,,0.0121,,
3.86,4,,0.0729,,
3.86,4,,0.0196,,
3.98,4,,0.0196,,
3.98,4,,0.0004,,
3.84,4,,0.0004,,
3.92,4,,0.0256,,
3.86,4,,0.0064,,
3.86,4,,0.0196,,
3.86,4,,0.0196,,
4.08,4,,0.0196,,
3.91,4,,0.0064,,
3.87,4,,0.0081,,
4.13,4,,0.0169,,
4.25,4,,0.0169,,
3.98,4,,0.0625,,
4.09,4,,0.0004,,
4.07,4,,0.0081,,
4.12,4,,0.0049,,
4.1,4,,0.0144,,
4.06,4,,0.01,,
4.25,4,,0.0036,,
4.04,4,,0.0625,,
3.87,4,,0.0016,,
3.7,4,,0.0169,,
4.09,4,,0.09,,
4.03,4,,0.0081,,
3.91,4,,0.0009,,
3.84,4,,0.0081,,
3.86,4,,0.0256,,
3.77,4,,0.0196,,
3.77,4,,0.0529,,
4.11,4,,0.0529,,
3.77,4,,0.0121,,
4.03,4,,0.0529,,
4.07,4,,0.0009,,
3.96,4,,0.0049,,
3.78,4,,0.0016,,
3.82,4,,0.0484,,
4.03,4,,0.0324,,
4.08,4,,0.0009,,
3.85,4,,0.0064,,
4.1,4,,0.0225,,
4.01,4,,0.01,,
4.13,4,,1E-04,,
3.94,4,,0.0169,,
3.98,4,,0.0036,,
3.98,4,,0.0004,,
4.16,4,,0.0004,,
3.91,4,,0.0256,,
4.08,4,,0.0081,,
4.24,4,,0.0064,,
3.96,4,,0.0576,,
4.04,4,,0.0016,,
4.13,4,,0.0016,,
3.78,4,,0.0169,,
4.05,4,,0.0484,,
4.14,4,,0.0025,,
4.25,4,,0.0196,,
3.92,4,,0.0625,,
3.99,4,,0.0064,,
3.82,4,,1E-04,,
3.89,4,,0.0324,,
4.15,4,,0.0121,,
4.02,4,,0.0225,,
3.99,4,,0.0004,,
3.83,4,,1E-04,,
3.92,4,,0.0289,,
3.91,4,,0.0064,,
3.99,4,,0.0081,,
3.83,4,,1E-04,,
3.73,4,,0.0289,,
3.52,4,,0.0729,,
4.13,4,,0.2304,,
3.74,4,,0.0169,,
4.01,4,,0.0676,,
3.74,4,,1E-04,,
3.58,4,,0.0676,,
3.85,4,,0.1764,,
3.93,4,,0.0225,,
3.97,4,,0.0049,,
3.76,4,,0.0009,,
3.44,4,,0.0576,,
3.42,4,,0.3136,,
4.03,4,,0.3364,,
3.8,4,,0.0009,,
3.85,4,,0.04,,
3.61,4,,0.0225,,
3.54,4,,0.1521,,
3.92,4,,0.2116,,
3.7,4,,0.0064,,
3.92,4,,0.09,,
3.92,4,,0.0064,,
3.23,4,,0.0064,,
3.58,4,,0.5929,,
3.76,4,,0.1764,,
3.86,4,,0.0576,,
3.86,4,,0.0196,,
3.24,4,,0.0196,,
3.58,4,,0.5776,,
3.47,4,,0.1764,,
4.22,4,,0.2809,,
4.17,4,,0.0484,,
3.87,4,,0.0289,,
3.64,4,,0.0169,,
3.8,4,,0.1296,,
4.14,4,,0.04,,
4.12,4,,0.0196,,
3.83,4,,0.0144,,
3.52,4,,0.0289,,
3.98,4,,0.2304,,
4.15,4,,0.0004,,
4.15,4,,0.0225,,
4.03,4,,0.0225,,
3.95,0,,0.0009,,
3.89,0,,15.6025,,
3.95,0,,15.1321,,
4.41,0,,15.6025,,
4.45,0,,19.4481,,
4.47,0,,19.8025,,
4.43,0,,19.9809,,
3.93,0,,19.6249,,
4.09,0,,15.4449,,
4.25,0,,16.7281,,
3.94,0,,18.0625,,
3.81,0,,15.5236,,
3.48,0,,14.5161,,
3.56,0,,12.1104,,
3.6,0,,12.6736,,
3.38,0,,12.96,,
2.88,0,,11.4244,,
2.34,0,,8.2944,,
2.34,0,,5.4756,,
2.45,0,,5.4756,,
2.16,0,,6.0025,,
1.72,0,,4.6656,,
1.51,0,,2.9584,,
1.08,0,,2.2801,,
1.05,0,,1.1664,,
0.59,0,,1.1025,,
0.39,0,,0.3481,,
0.32,0,,0.1521,,
0.11,0,,0.1024,,
-0.08,0,,0.0121,,
-0.23,0,,0.0064,,
-0.23,0,,0.0529,,
-0.33,0,,0.0529,,
-0.41,0,,0.1089,,
-0.45,0,,0.1681,,
-0.41,0,,0.2025,,
-0.33,0,,0.1681,,
-0.14,0,,0.1089,,
-0.22,0,,0.0196,,
-0.22,0,,0.0484,,
-0.21,0,,0.0484,,
-0.01,0,,0.0441,,
-0.08,0,,0.0001,,
-0.11,0,,0.0064,,
-0.15,0,,0.0121,,
-0.23,0,,0.0225,,
-0.15,0,,0.0529,,
-0.11,0,,0.0225,,
0,0,,0.0121,,
0.04,0,,0,,
0.12,0,,0.0016,,
0.11,0,,0.0144,,
-0.08,0,,0.0121,,
0,0,,0.0064,,
0.08,0,,0,,
0.07,0,,0.0064,,
-0.04,0,,0.0049,,
-0.12,0,,0.0016,,
-0.07,0,,0.0144,,
-0.07,0,,0.0049,,
-0.07,0,,0.0049,,
-0.12,0,,0.0049,,
-0.05,0,,0.0144,,
-0.18,0,,0.0025,,
-0.03,0,,0.0324,,
0,0,,0.0009,,
0,0,,0,,
-0.04,0,,0,,
-0.07,0,,0.0016,,
-0.07,0,,0.0049,,
-0.04,0,,0.0049,,
0.01,0,,0.0016,,
0.05,0,,0.0001,,
0.02,0,,0.0025,,
0.02,0,,0.0004,,
0.1,0,,0.0004,,
0.06,0,,0.01,,
0.06,0,,0.0036,,
0.1,0,,0.0036,,
0.1,0,,0.01,,
0.02,0,,0.01,,
0.03,0,,0.0004,,
0.03,0,,0.0009,,
0.15,0,,0.0009,,
0.01,0,,0.0225,,
0.05,0,,0.0001,,
0.09,0,,0.0025,,
0.05,0,,0.0081,,
0.05,0,,0.0025,,
0.02,0,,0.0025,,
-0.02,0,,0.0004,,
-0.1,0,,0.0004,,
-0.02,0,,0.01,,
0.02,0,,0.0004,,
0.01,0,,0.0004,,
-0.03,0,,0.0001,,
0.09,0,,0.0009,,
0.09,0,,0.0081,,
0.06,0,,0.0081,,
0.06,0,,0.0036,,
0.09,0,,0.0036,,
0.01,0,,0.0081,,
0.01,0,,0.0001,,
0.05,0,,0.0001,,
0.09,0,,0.0025,,
0.09,0,,0.0081,,
0.05,0,,0.0081,,
0.05,0,,0.0025,,
0.04,0,,0.0025,,
-0.01,0,,0.0016,,
0.12,0,,0.0001,,
0.08,0,,0.0144,,
0.08,0,,0.0064,,
0.08,0,,0.0064,,
0.04,0,,0.0064,,
0.01,0,,0.0016,,
-0.07,0,,0.0001,,
-0.08,0,,0.0049,,
-0.04,0,,0.0064,,
-0.04,0,,0.0016,,
-0.04,0,,0.0016,,
-0.04,0,,0.0016,,
0.04,0,,0.0016,,
-0.04,0,,0.0016,,
-0.08,0,,0.0016,,
0,0,,0.0064,,
0,0,,0,,
0.12,0,,0,,
0,0,,0.0144,,
0.08,0,,0,,
-0.04,0,,0.0064,,
-0.01,0,,0.0016,,
-0.01,0,,0.0001,,
0.03,0,,0.0001,,
-0.01,0,,0.0009,,
0.03,0,,0.0001,,
0.07,0,,0.0009,,
0.04,0,,0.0049,,
0.04,0,,0.0016,,
0,0,,0.0016,,
0,0,,0,,
0.04,0,,0,,
-0.15,0,,0.0016,,
-0.11,0,,0.0225,,
0.01,0,,0.0121,,
-0.07,0,,0.0001,,
-0.11,0,,0.0049,,
-0.1,0,,0.0121,,
0.02,0,,0.01,,
0.09,0,,0.0004,,
0.05,0,,0.0081,,
0.05,0,,0.0025,,
0.01,0,,0.0025,,
-0.02,0,,0.0001,,
-0.03,0,,0.0004,,
-0.03,0,,0.0009,,
0.05,0,,0.0009,,
-0.03,0,,0.0025,,
0.04,0,,0.0009,,
0.03,0,,0.0016,,
0.03,0,,0.0009,,
0.03,0,,0.0009,,
0.13,0,,0.0009,,
0.13,0,,0.0169,,
-0.06,0,,0.0169,,
0.02,0,,0.0036,,
0.05,0,,0.0004,,
-0.03,0,,0.0025,,
-0.07,0,,0.0009,,
-0.23,0,,0.0049,,
-0.15,0,,0.0529,,
-0.07,0,,0.0225,,
-0.15,0,,0.0049,,
-0.19,0,,0.0225,,
-0.03,0,,0.0361,,
-0.03,0,,0.0009,,
-0.11,0,,0.0009,,
0.01,0,,0.0121,,
-0.02,0,,0.0001,,
-0.1,0,,0.0004,,
0.01,0,,0.01,,
0.01,0,,0.0001,,
-0.03,0,,0.0001,,
-0.03,0,,0.0009,,
0.01,0,,0.0009,,
0.06,0,,0.0001,,
0.2,0,,0.0036,,
0.2,0,,0.04,,
0.2,0,,0.04,,
0.21,0,,0.04,,
0.13,0,,0.0441,,
0.05,0,,0.0169,,
0.13,-4,,0.0025,,
0.1,-4,,17.0569,,
-0.06,-4,,16.81,,
-0.1,-4,,15.5236,,
-0.1,-4,,15.21,,
-0.34,-4,,15.21,,
-0.47,-4,,13.3956,,
-0.52,-4,,12.4609,,
-0.51,-4,,12.1104,,
-0.55,-4,,12.1801,,
-0.7,-4,,11.9025,,
-0.7,-4,,10.89,,
-1.08,-4,,10.89,,
-1.17,-4,,8.5264,,
-1.52,-4,,8.0089,,
-1.86,-4,,6.1504,,
-1.86,-4,,4.5796,,
-1.86,-4,,4.5796,,
-1.95,-4,,4.5796,,
-2.33,-4,,4.2025,,
-2.57,-4,,2.7889,,
-2.6,-4,,2.0449,,
-2.56,-4,,1.96,,
-2.84,-4,,2.0736,,
-2.8,-4,,1.3456,,
-2.8,-4,,1.44,,
-3.04,-4,,1.44,,
-3.19,-4,,0.9216,,
-3.4,-4,,0.6561,,
-3.59,-4,,0.36,,
-3.86,-4,,0.1681,,
-4.19,-4,,0.0196,,
-3.73,-4,,0.0361,,
-3.89,-4,,0.0729,,
-3.89,-4,,0.0121,,
-3.77,-4,,0.0121,,
-4.22,-4,,0.0529,,
-4.14,-4,,0.0484,,
-4.09,-4,,0.0196,,
-3.87,-4,,0.0081,,
-3.99,-4,,0.0169,,
-3.87,-4,,1E-04,,
-4.16,-4,,0.0169,,
-3.96,-4,,0.0256,,
-4.38,-4,,0.0016,,
-4.6,-4,,0.1444,,
-4.23,-4,,0.36,,
-3.98,-4,,0.0529,,
-4.05,-4,,0.0004,,
-4.32,-4,,0.0025,,
-4.11,-4,,0.1024,,
-3.81,-4,,0.0121,,
-4.11,-4,,0.0361,,
-4.19,-4,,0.0121,,
-4.2,-4,,0.0361,,
-4.24,-4,,0.04,,
-3.99,-4,,0.0576,,
-4.06,-4,,1E-04,,
-4.28,-4,,0.0036,,
-4.42,-4,,0.0784,,
-4.23,-4,,0.1764,,
-4.38,-4,,0.0529,,
-4.31,-4,,0.1444,,
-4.47,-4,,0.0961,,
-4.46,-4,,0.2209,,
-4.03,-4,,0.2116,,
-4.3,-4,,0.0009,,
-4.38,-4,,0.09,,
-4.68,-4,,0.1444,,
-4.43,-4,,0.4624,,
-4.22,-4,,0.1849,,
-4.56,-4,,0.0484,,
-4.68,-4,,0.3136,,
-4.65,-4,,0.4624,,
-4.56,-4,,0.4225,,
-4.52,-4,,0.3136,,
-4.42,-4,,0.2704,,
-4.63,-4,,0.1764,,
-4.34,-4,,0.3969,,
-4.5,-4,,0.1156,,
-4.42,-4,,0.25,,
-4.47,-4,,0.1764,,
-4.73,-4,,0.2209,,
-4.56,-4,,0.5329,,
-4.33,-4,,0.3136,,
-4.45,-4,,0.1089,,
-4.68,-4,,0.2025,,
-4.75,-4,,0.4624,,
-4.42,-4,,0.5625,,
-4.32,-4,,0.1764,,
-4.61,-4,,0.1024,,
-4.41,-4,,0.3721,,
-4.17,-4,,0.1681,,
-4.32,-4,,0.0289,,
-4.41,-4,,0.1024,,
-4.3,-4,,0.1681,,
-4.36,-4,,0.09,,
-4.42,-4,,0.1296,,
-4.57,-4,,0.1764,,
-4.3,-4,,0.3249,,
-4.35,-4,,0.09,,
-4.5,-4,,0.1225,,
-4.2,-4,,0.25,,
-4.25,-4,,0.04,,
-4.23,-4,,0.0625,,
-4.53,-4,,0.0529,,
-4.22,-4,,0.2809,,
-4.2,-4,,0.0484,,
-4.07,-4,,0.04,,
-4.47,-4,,0.0049,,
-4.34,-4,,0.2209,,
-4.35,-4,,0.1156,,
-4.59,-4,,0.1225,,
-4.38,-4,,0.3481,,
-4.35,-4,,0.1444,,
-4.21,-4,,0.1225,,
-4.54,-4,,0.0441,,
-4.35,-4,,0.2916,,
-4.35,-4,,0.1225,,
-4.53,-4,,0.1225,,
-4.47,-4,,0.2809,,
-4.32,-4,,0.2209,,
-4.36,-4,,0.1024,,
-4.45,-4,,0.1296,,
-4.51,-4,,0.2025,,
-4.28,-4,,0.2601,,
-4.32,-4,,0.0784,,
-4.46,-4,,0.1024,,
-4.63,-4,,0.2116,,
-4.25,-4,,0.3969,,
-4.19,-4,,0.0625,,
-4.42,-4,,0.0361,,
-4.17,-4,,0.1764,,
-4.23,-4,,0.0289,,
-4.38,-4,,0.0529,,
-4.5,-4,,0.1444,,
-4.11,-4,,0.25,,
-4.15,-4,,0.0121,,
-4.33,-4,,0.0225,,
-3.81,-4,,0.1089,,
-3.92,-4,,0.0361,,
-4,-4,,0.0064,,
-4.04,-4,,0,,
-4.08,-4,,0.0016,,
-4.07,-4,,0.0064,,
-3.88,-4,,0.0049,,
-4.23,-4,,0.0144,,
-4.13,-4,,0.0529,,
-4.11,-4,,0.0169,,
-4.31,-4,,0.0121,,
-4.3,-4,,0.0961,,
-4.17,-4,,0.09,,
-4.22,-4,,0.0289,,
-4.33,-4,,0.0484,,
-4.23,-4,,0.1089,,
-4.27,-4,,0.0529,,
-4.38,-4,,0.0729,,
-4.56,-4,,0.1444,,
-4.41,-4,,0.3136,,
-4.55,-4,,0.1681,,
-4.8,-4,,0.3025,,
-4.69,-4,,0.64,,
-4.6,-4,,0.4761,,
-4.39,-4,,0.36,,
-4.54,-4,,0.1521,,
-4.74,-4,,0.2916,,
-4.49,-4,,0.5476,,
-4.31,-4,,0.2401,,
-4.5,-4,,0.0961,,
-4.38,-4,,0.25,,
-4.39,-4,,0.1444,,
-4.48,-4,,0.1521,,
-4.47,-4,,0.2304,,
-4.29,-4,,0.2209,,
-4.26,-4,,0.0841,,
-4.38,-4,,0.0676,,
-4.27,-4,,0.1444,,
-4.04,-4,,0.0729,,
-4.03,-4,,0.0016,,
-4.45,-4,,0.0009,,
-4.13,-4,,0.2025,,
-4,-4,,0.0169,,
-3.83,-4,,0,,
-4.33,-4,,0.0289,,
-4.21,-4,,0.1089,,
-4.15,-4,,0.0441,,
-4.21,-4,,0.0225,,
-4.27,-4,,0.0441,,
-4.1,-4,,0.0729,,
-4.03,-4,,0.01,,
-4.27,-4,,0.0009,,
-4.06,-4,,0.0729,,
-3.99,-4,,0.0036,,
-4.3,-4,,1E-04,,
-4.21,-4,,0.09,,
-4.13,-4,,0.0441,,
-4.12,-4,,0.0169,,
-4.31,-4,,0.0144,,
-4.4,-4,,0.0961,,
-4.12,-4,,0.16,,
-4.23,-4,,0.0144,,
-4.46,-4,,0.0529,,
-4.69,-4,,0.2116,,
-4.26,-4,,0.4761,,
-4.32,-4,,0.0676,,
-4.41,-4,,0.1024,,
-4.09,-4,,0.1681,,
-4.18,-4,,0.0081,,
-4.19,-4,,0.0324,,
-4.46,-4,,0.0361,,
-4.21,-4,,0.2116,,
-4.19,-4,,0.0441,,
-4.38,-4,,0.0361,,
-4.04,-4,,0.1444,,
-4.12,-4,,0.0016,,
-4.08,-4,,0.0144,,
-4.3,-4,,0.0064,,
-4.07,-4,,0.09,,
-4.03,-4,,0.0049,,
-3.89,-4,,0.0009,,
-4.14,-4,,0.0121,,
-3.98,-4,,0.0196,,
-3.94,-4,,0.0004,,
-4.12,-4,,0.0036,,
-4.02,-4,,0.0144,,
-3.97,-4,,0.0004,,
-4.14,-4,,0.0009,,
-4.21,-4,,0.0196,,
-4.08,-4,,0.0441,,
-3.83,-4,,0.0064,,
-3.84,-4,,0.0289,,
-4.03,-4,,0.0256,,
-3.78,-4,,0.0009,,
-3.89,-4,,0.0484,,
-4.09,-4,,0.0121,,
-4.06,-4,,0.0081,,
-3.83,-4,,0.0036,,
-3.85,-4,,0.0289,,
-4.02,-4,,0.0225,,
-4.25,-4,,0.0004,,
-3.9,-4,,0.0625,,
-3.9,-4,,0.01,,
-4.08,-4,,0.01,,
-3.86,-4,,0.0064,,
-3.92,-4,,0.0196,,
-3.96,-4,,0.0064,,
-4.08,-4,,0.0016,,
-3.96,-4,,0.0064,,
-4.08,-4,,0.0016,,
-3.92,-4,,0.0064,,
-4.23,-4,,0.0064,,
-4.01,-4,,0.0529,,
-4.13,-4,,1E-04,,
-4.24,-4,,0.0169,,
-4.07,-4,,0.0576,,
-4.09,-4,,0.0049,,
-3.98,-4,,0.0081,,
-4.35,-4,,0.0004,,
-4.08,-4,,0.1225,,
-4.06,-4,,0.0064,,
-4.14,-4,,0.0036,,
-4.02,-4,,0.0196,,
-3.88,-4,,0.0004,,
-3.86,-4,,0.0144,,
-4.02,-4,,0.0196,,
-3.92,-4,,0.0004,,
-3.89,-4,,0.0064,,
-3.89,-4,,0.0121,,
-4.05,-4,,0.0121,,
-4.13,-4,,0.0025,,
-3.79,-4,,0.0169,,
-3.86,-4,,0.0441,,
-3.98,-4,,0.0196,,
-4.01,-4,,0.0004,,
-3.9,-4,,1E-04,,
-4.05,-4,,0.01,,
-4.18,-4,,0.0025,,
-3.86,-4,,0.0324,,
-3.88,-4,,0.0196,,
-4.05,-4,,0.0144,,
-4.09,-4,,0.0025,,
-4.21,-4,,0.0081,,
-4.06,-4,,0.0441,,
-4.37,-4,,0.0036,,
-4.16,-4,,0.1369,,
-4.22,4,,0.0256,,
-3.93,4,,67.5684,,
-4.19,4,,62.8849,,
-3.99,4,,67.0761,,
-4.06,4,,63.8401,,
-3.95,4,,64.9636,,
-4.22,4,,63.2025,,
-3.91,4,,67.5684,,
-3.79,4,,62.5681,,
-3.85,4,,60.6841,,
-3.64,4,,61.6225,,
-3.55,4,,58.3696,,
-3.37,4,,57.0025,,
-3.44,4,,54.3169,,
-3.09,4,,55.3536,,
-2.79,4,,50.2681,,
-2.75,4,,46.1041,,
-2.71,4,,45.5625,,
-2.4,4,,45.0241,,
-2.27,4,,40.96,,
-2.1,4,,39.3129,,
-2.1,4,,37.21,,
-1.63,4,,37.21,,
-1.51,4,,31.6969,,
-1.43,4,,30.3601,,
-1.39,4,,29.4849,,
-0.85,4,,29.0521,,
-0.88,4,,23.5225,,
-0.67,4,,23.8144,,
-0.5,4,,21.8089,,
-0.42,4,,20.25,,
-0.43,4,,19.5364,,
-0.43,4,,19.6249,,
-0.23,4,,19.6249,,
-0.16,4,,17.8929,,
-0.24,4,,17.3056,,
-0.12,4,,17.9776,,
-0.13,4,,16.9744,,
0,4,,17.0569,,
0.08,4,,16,,
-0.05,4,,15.3664,,
-0.01,4,,16.4025,,
-0.05,4,,16.0801,,
-0.05,4,,16.4025,,
0.03,4,,16.4025,,
-0.01,4,,15.7609,,
0.05,4,,16.0801,,
-0.04,4,,15.6025,,
-0.08,4,,16.3216,,
-0.04,4,,16.6464,,
-0.04,4,,16.3216,,
0.04,4,,16.3216,,
-0.04,4,,15.6816,,
-0.08,4,,16.3216,,
-0.12,4,,16.6464,,
-0.04,4,,16.9744,,
-0.12,4,,16.3216,,
-0.04,4,,16.9744,,
-0.08,4,,16.3216,,
-0.15,4,,16.6464,,
0.1,4,,17.2225,,
0.02,4,,15.21,,
-0.02,4,,15.8404,,
-0.02,4,,16.1604,,
0.02,4,,16.1604,,
-0.02,4,,15.8404,,
-0.08,4,,16.1604,,
0.04,4,,16.6464,,
0.01,4,,15.6816,,
0.06,4,,15.9201,,
-0.02,4,,15.5236,,
-0.06,4,,16.1604,,
0.06,4,,16.4836,,
0.06,4,,15.5236,,
0.06,4,,15.5236,,
0.02,4,,15.5236,,
0.1,4,,15.8404,,
0.1,4,,15.21,,
0.1,4,,15.21,,
0.14,4,,15.21,,
0.09,4,,14.8996,,
0.12,4,,15.2881,,
0.16,4,,15.0544,,
0.13,4,,14.7456,,
0.16,4,,14.9769,,
0.16,4,,14.7456,,
0.04,4,,14.7456,,
0.04,4,,15.6816,,
0.11,4,,15.6816,,
0.03,4,,15.1321,,
0.03,4,,15.7609,,
0.22,4,,15.7609,,
0.1,4,,14.2884,,
0.14,4,,15.21,,
0.1,4,,14.8996,,
0.1,4,,15.21,,
0.13,4,,15.21,,
0.01,4,,14.9769,,
0.05,4,,15.9201,,
0.02,4,,15.6025,,
-0.05,4,,15.8404,,
-0.02,4,,16.4025,,
-0.02,4,,16.1604,,
0.02,4,,16.1604,,
-0.01,4,,15.8404,,
-0.04,4,,16.0801,,
0.08,4,,16.3216,,
0.08,4,,15.3664,,
0.04,4,,15.3664,,
0.04,4,,15.6816,,
0.08,4,,15.6816,,
-0.11,4,,15.3664,,
-0.03,4,,16.8921,,
-0.03,4,,16.2409,,
0.14,4,,16.2409,,
0.07,4,,14.8996,,
-0.01,4,,15.4449,,
0.04,4,,16.0801,,
-0.04,4,,15.6816,,
0.12,4,,16.3216,,
0.12,4,,15.0544,,
0.04,4,,15.0544,,
0.04,4,,15.6816,,
0,4,,15.6816,,
-0.04,4,,16,,
0.03,4,,16.3216,,
-0.14,4,,15.7609,,
-0.14,4,,17.1396,,
-0.02,4,,17.1396,,
0.06,4,,16.1604,,
0.02,4,,15.5236,,
0.02,4,,15.8404,,
0.02,4,,15.8404,,
0.02,4,,15.8404,,
-0.21,4,,15.8404,,
-0.06,4,,17.7241,,
-0.01,4,,16.4836,,
-0.01,4,,16.0801,,
0.11,4,,16.0801,,
-0.09,4,,15.1321,,
-0.13,4,,16.7281,,
-0.09,4,,17.0569,,
0.03,4,,16.7281,,
0.04,4,,15.7609,,
0.04,4,,15.6816,,
0,4,,15.6816,,
0.08,4,,16,,
0.04,4,,15.3664,,
0.03,4,,15.6816,,
-0.08,4,,15.7609,,
0.07,4,,16.6464,,
0.03,4,,15.4449,,
0.07,4,,15.7609,,
0.07,4,,15.4449,,
0.13,4,,15.4449,,
0.05,4,,14.9769,,
-0.03,4,,15.6025,,
0.01,4,,16.2409,,
-0.04,4,,15.9201,,
0.04,4,,16.3216,,
0.04,4,,15.6816,,
0.04,4,,15.6816,,
-0.08,4,,15.6816,,
-0.05,4,,16.6464,,
-0.05,4,,16.4025,,
-0.01,4,,16.4025,,
0.03,4,,16.0801,,
0.04,4,,15.7609,,
0,4,,15.6816,,
0.04,4,,16,,
-0.08,4,,15.6816,,
0,4,,16.6464,,
-0.08,4,,16,,
0.01,4,,16.6464,,
0.05,4,,15.9201,,
-0.04,4,,15.6025,,
0,4,,16.3216,,
0,4,,16,,
0,4,,16,,
-0.04,4,,16,,
-0.04,4,,16.3216,,
-0.04,4,,16.3216,,
-0.04,4,,16.3216,,
0,4,,16.3216,,
0.04,4,,16,,
0.04,4,,15.6816,,
-0.01,4,,15.6816,,
0.03,4,,16.0801,,
0.03,4,,15.7609,,
0.03,4,,15.7609,,
0.07,4,,15.7609,,
0,4,,15.4449,,
0.08,4,,16,,
0.03,4,,15.3664,,
0.11,4,,15.7609,,
0.24,4,,15.1321,,
0.24,4,,14.1376,,
0.36,4,,14.1376,,
0.32,4,,13.2496,,
0.49,4,,13.5424,,
0.57,4,,12.3201,,
0.69,4,,11.7649,,
0.86,4,,10.9561,,
0.92,4,,9.8596,,
0.97,4,,9.4864,,
1.09,4,,9.1809,,
1.32,4,,8.4681,,
1.32,4,,7.1824,,
1.44,4,,7.1824,,
1.48,4,,6.5536,,
1.56,4,,6.3504,,
1.89,4,,5.9536,,
1.85,4,,4.4521,,
2.19,4,,4.6225,,
2.19,4,,3.2761,,
2.32,4,,3.2761,,
2.32,4,,2.8224,,
2.55,4,,2.8224,,
2.7,4,,2.1025,,
2.73,4,,1.69,,
2.82,4,,1.6129,,
3.03,4,,1.3924,,
3.04,4,,0.9409,,
2.93,4,,0.9216,,
3,4,,1.1449,,
3.27,4,,1,,
3.27,4,,0.5329,,
3.35,4,,0.5329,,
3.19,4,,0.4225,,
3.61,4,,0.6561,,
3.7,4,,0.1521,,
3.59,4,,0.09,,
3.84,4,,0.1681,,
3.67,4,,0.0256,,
3.69,4,,0.1089,,
3.52,4,,0.0961,,
4.17,4,,0.2304,,
3.9,4,,0.0289,,
4.02,4,,0.01,,
3.86,4,,0.0004,,
4.13,4,,0.0196,,
3.96,4,,0.0169,,
4.03,4,,0.0016,,
4.15,4,,0.0009,,
4.38,4,,0.0225,,
4.16,4,,0.1444,,
4.01,4,,0.0256,,
4.39,4,,1E-04,,
4.54,4,,0.1521,,
4.2,4,,0.2916,,
4.07,4,,0.04,,
4.39,4,,0.0049,,
4.35,4,,0.1521,,
4.25,4,,0.1225,,
4.52,4,,0.0625,,
4.75,4,,0.2704,,
4.25,4,,0.5625,,
4.4,4,,0.0625,,
4.3,4,,0.16,,
4.55,4,,0.09,,
4.41,4,,0.3025,,
4.49,4,,0.1681,,
4.35,4,,0.2401,,
4.48,4,,0.1225,,
4.39,4,,0.2304,,
4.22,4,,0.1521,,
4.65,4,,0.0484,,
4.22,4,,0.4225,,
4.32,4,,0.0484,,
4.2,4,,0.1024,,
4.62,4,,0.04,,
4.16,4,,0.3844,,
4.09,4,,0.0256,,
4.45,4,,0.0081,,
4.07,4,,0.2025,,
4.38,4,,0.0049,,
4.22,4,,0.1444,,
4.37,4,,0.0484,,
4.38,4,,0.1369,,
4.26,4,,0.1444,,
4.42,4,,0.0676,,
4.42,4,,0.1764,,
4.27,4,,0.1764,,
4.48,4,,0.0729,,
4.08,4,,0.2304,,
4.5,4,,0.0064,,
4.31,4,,0.25,,
4.08,4,,0.0961,,
4.56,4,,0.0064,,
4.52,4,,0.3136,,
4.14,4,,0.2704,,
4.28,4,,0.0196,,
4.34,4,,0.0784,,
4.15,4,,0.1156,,
4.31,4,,0.0225,,
4.04,4,,0.0961,,
4.71,4,,0.0016,,
4.29,4,,0.5041,,
4.24,4,,0.0841,,
4.41,4,,0.0576,,
4.35,4,,0.1681,,
4.14,4,,0.1225,,
4.18,4,,0.0196,,
4.12,4,,0.0324,,
4.22,4,,0.0144,,
4.38,4,,0.0484,,
4.08,4,,0.1444,,
4.42,4,,0.0064,,
3.73,4,,0.1764,,
4.13,4,,0.0729,,
4.63,4,,0.0169,,
4.45,4,,0.3969,,
4.59,4,,0.2025,,
4.21,4,,0.3481,,
4.24,4,,0.0441,,
4.27,4,,0.0576,,
3.6,4,,0.0729,,
3.64,4,,0.16,,
4.51,4,,0.1296,,
4.33,4,,0.2601,,
3.55,4,,0.1089,,
4.3,4,,0.2025,,
4.52,4,,0.09,,
4.08,4,,0.2704,,
4.08,4,,0.0064,,
4.2,4,,0.0064,,
4.2,4,,0.04,,
4.04,4,,0.04,,
4.04,4,,0.0016,,
4.22,4,,0.0016,,
3.81,4,,0.0484,,
3.95,4,,0.0361,,
4.02,4,,0.0025,,
4.25,4,,0.0004,,
4.35,4,,0.0625,,
4.16,4,,0.1225,,
4.41,4,,0.0256,,
4.66,4,,0.1681,,
3.84,4,,0.4356,,
3.86,4,,0.0256,,
4.61,4,,0.0196,,
3.96,4,,0.3721,,
3.96,4,,0.0016,,
4.11,4,,0.0016,,
4.42,4,,0.0121,,
3.96,4,,0.1764,,
4.13,4,,0.0016,,
4.13,4,,0.0169,,
4.59,4,,0.0169,,
4.34,4,,0.3481,,
4.32,4,,0.1156,,
4.42,4,,0.1024,,
4.2,4,,0.1764,,
4.2,4,,0.04,,
3.91,4,,0.04,,
4.43,4,,0.0081,,
4.47,4,,0.1849,,
4.29,4,,0.2209,,
4.11,4,,0.0841,,
4.44,4,,0.0121,,
4.29,4,,0.1936,,
4.35,4,,0.0841,,
4.38,4,,0.1225,,
4.42,4,,0.1444,,
4.3,4,,0.1764,,
4.28,4,,0.09,,
4.4,4,,0.0784,,
4.52,4,,0.16,,
4.23,4,,0.2704,,
4.05,4,,0.0529,,
4.36,4,,0.0025,,
4.26,4,,0.1296,,
4.23,4,,0.0676,,
4.26,4,,0.0529,,
4.43,4,,0.0676,,
4.06,4,,0.1849,,
3.81,4,,0.0036,,
4.28,4,,0.0361,,
4.32,4,,0.0784,,
3.97,4,,0.1024,,
3.83,4,,0.0009,,
4.08,4,,0.0289,,
3.97,4,,0.0064,,
4.05,4,,0.0009,,
3.85,4,,0.0025,,
4.11,4,,0.0225,,
4.03,4,,0.0121,,
3.95,4,,0.0009,,
3.74,4,,0.0025,,
4.05,4,,0.0676,,
3.82,4,,0.0025,,
3.86,4,,0.0324,,
4.13,4,,0.0196,,
4.1,4,,0.0169,,
4.04,4,,0.01,,
3.79,4,,0.0016,,
4.5,4,,0.0441,,
3.96,4,,0.25,,
4.08,4,,0.0016,,
4.23,4,,0.0064,,
4.38,4,,0.0529,,
3.91,4,,0.1444,,
4.03,4,,0.0081,,
4.22,4,,0.0009,,
4.36,4,,0.0484,,
3.98,4,,0.1296,,
4.06,4,,0.0004,,
4.23,4,,0.0036,,
4.48,4,,0.0529,,
4.18,4,,0.2304,,
4.18,4,,0.0324,,
4.14,4,,0.0324,,
3.89,4,,0.0196,,
3.91,4,,0.0121,,
4.34,4,,0.0081,,
4.34,4,,0.1156,,
3.63,4,,0.1156,,
3.79,4,,0.1369,,
4.04,4,,0.0441,,
3.97,4,,0.0016,,
3.9,4,,0.0009,,
4.17,4,,0.01,,
4.4,4,,0.0289,,
3.95,4,,0.16,,
3.93,4,,0.0025,,
3.85,4,,0.0049,,
3.91,4,,0.0225,,
4.07,4,,0.0081,,
3.82,4,,0.0049,,
3.71,4,,0.0324,,
4.05,4,,0.0841,,
3.9,4,,0.0025,,
3.8,4,,0.01,,
4.04,4,,0.04,,
3.83,4,,0.0016,,
4.01,4,,0.0289,,
3.97,4,,1E-04,,
4.1,4,,0.0009,,
4,4,,0.01,,
4.03,4,,0,,
4.1,4,,0.0009,,
3.94,4,,0.01,,
3.22,4,,0.0036,,
3.84,4,,0.6084,,
4.38,4,,0.0256,,
4.38,4,,0.1444,,
3.98,4,,0.1444,,
3.76,4,,0.0004,,
4.07,4,,0.0576,,
4.41,4,,0.0049,,
4,4,,0.1681,,
4.18,4,,0,,
3.98,4,,0.0324,,
3.65,4,,0.0004,,
3.74,4,,0.1225,,
4.23,4,,0.0676,,
4.36,4,,0.0529,,
3.89,4,,0.1296,,
3.48,4,,0.0121,,
4.08,4,,0.2704,,
4.01,4,,0.0064,,
4.01,4,,1E-04,,
4.19,4,,1E-04,,
3.79,4,,0.0361,,
3.33,4,,0.0441,,
3.87,4,,0.4489,,
3.91,4,,0.0169,,
3.87,4,,0.0081,,
3.72,4,,0.0169,,
3.71,4,,0.0784,,
4.04,4,,0.0841,,
3.99,4,,0.0016,,
4.03,4,,1E-04,,
3.99,4,,0.0009,,
4.06,4,,1E-04,,
3.85,4,,0.0036,,
4.05,4,,0.0225,,
4.22,4,,0.0025,,
4.08,4,,0.0484,,
3.5,4,,0.0064,,
3.69,4,,0.25,,
4.2,4,,0.0961,,
4.04,4,,0.04,,
4.07,4,,0.0016,,
3.86,4,,0.0049,,
4.1,4,,0.0196,,
4.39,-4,,0.01,,
4.28,-4,,70.3921,,
3.91,-4,,68.5584,,
3.9,-4,,62.5681,,
3.9,-4,,62.41,,
4.32,-4,,62.41,,
4.62,-4,,69.2224,,
4.66,-4,,74.3044,,
4.24,-4,,74.9956,,
3.82,-4,,67.8976,,
3.58,-4,,61.1524,,
3.58,-4,,57.4564,,
3.85,-4,,57.4564,,
3.58,-4,,61.6225,,
3.57,-4,,57.4564,,
2.9,-4,,57.3049,,
3.15,-4,,47.61,,
2.95,-4,,51.1225,,
2.95,-4,,48.3025,,
2.24,-4,,48.3025,,
1.91,-4,,38.9376,,
1.91,-4,,34.9281,,
2.16,-4,,34.9281,,
1.88,-4,,37.9456,,
1.26,-4,,34.5744,,
0.68,-4,,27.6676,,
0.46,-4,,21.9024,,
0.46,-4,,19.8916,,
0.34,-4,,19.8916,,
0.23,-4,,18.8356,,
0.14,-4,,17.8929,,
0.07,-4,,17.1396,,
0.03,-4,,16.5649,,
0.07,-4,,16.2409,,
-0.19,-4,,16.5649,,
-0.15,-4,,14.5161,,
-0.11,-4,,14.8225,,
-0.18,-4,,15.1321,,
-0.18,-4,,14.5924,,
-0.23,-4,,14.5924,,
-0.19,-4,,14.2129,,
-0.19,-4,,14.5161,,
-0.19,-4,,14.5161,,
-0.23,-4,,14.5161,,
-0.19,-4,,14.2129,,
-0.11,-4,,14.5161,,
-0.11,-4,,15.1321,,
-0.15,-4,,15.1321,,
-0.07,-4,,14.8225,,
0.05,-4,,15.4449,,
-0.07,-4,,16.4025,,
-0.03,-4,,15.4449,,
0.01,-4,,15.7609,,
0.01,-4,,16.0801,,
-0.15,-4,,16.0801,,
-0.11,-4,,14.8225,,
-0.15,-4,,15.1321,,
-0.08,-4,,14.8225,,
-0.08,-4,,15.3664,,
-0.04,-4,,15.3664,,
-0.04,-4,,15.6816,,
-0.12,-4,,15.6816,,
-0.16,-4,,15.0544,,
-0.2,-4,,14.7456,,
-0.16,-4,,14.44,,
-0.13,-4,,14.7456,,
-0.13,-4,,14.9769,,
-0.17,-4,,14.9769,,
-0.21,-4,,14.6689,,
-0.25,-4,,14.3641,,
-0.14,-4,,14.0625,,
-0.1,-4,,14.8996,,
-0.14,-4,,15.21,,
-0.14,-4,,14.8996,,
-0.02,-4,,14.8996,,
-0.09,-4,,15.8404,,
-0.05,-4,,15.2881,,
-0.05,-4,,15.6025,,
-0.01,-4,,15.6025,,
-0.13,-4,,15.9201,,
-0.13,-4,,14.9769,,
-0.04,-4,,14.9769,,
-0.01,-4,,15.6816,,
0.03,-4,,15.9201,,
0.04,-4,,16.2409,,
0.09,-4,,16.3216,,
-0.03,-4,,16.7281,,
-0.03,-4,,15.7609,,
0.01,-4,,15.7609,,
0.01,-4,,16.0801,,
0.01,-4,,16.0801,,
0.01,-4,,16.0801,,
-0.03,-4,,16.0801,,
-0.03,-4,,15.7609,,
-0.03,-4,,15.7609,,
0.01,-4,,15.7609,,
0.01,-4,,16.0801,,
0.04,-4,,16.0801,,
0.01,-4,,16.3216,,
0.04,-4,,16.0801,,
0.01,-4,,16.3216,,
0.01,-4,,16.0801,,
0.01,-4,,16.0801,,
-0.03,-4,,16.0801,,
-0.03,-4,,15.7609,,
-0.12,-4,,15.7609,,
0.01,-4,,15.0544,,
0.09,-4,,16.0801,,
0.04,-4,,16.7281,,
0.01,-4,,16.3216,,
0.04,-4,,16.0801,,
-0.04,-4,,16.3216,,
0,-4,,15.6816,,
0.11,-4,,16,,
0.11,-4,,16.8921,,
0.11,-4,,16.8921,,
0.03,-4,,16.8921,,
-0.01,-4,,16.2409,,
-0.01,-4,,15.9201,,
-0.04,-4,,15.9201,,
-0.01,-4,,15.6816,,
-0.01,-4,,15.9201,,
-0.05,-4,,15.9201,,
-0.01,-4,,15.6025,,
0.07,-4,,15.9201,,
0.03,-4,,16.5649,,
0.11,-4,,16.2409,,
-0.01,-4,,16.8921,,
-0.01,-4,,15.9201,,
0.07,-4,,15.9201,,
0.03,-4,,16.5649,,
0.12,-4,,16.2409,,
0.12,-4,,16.9744,,
0.01,-4,,16.9744,,
0.05,-4,,16.0801,,
-0.11,-4,,16.4025,,
-0.07,-4,,15.1321,,
0.01,-4,,15.4449,,
0.01,-4,,16.0801,,
0.05,-4,,16.0801,,
0.01,-4,,16.4025,,
0.01,-4,,16.0801,,
0.05,-4,,16.0801,,
0.05,-4,,16.4025,,
0.01,-4,,16.4025,,
0.01,-4,,16.0801,,
-0.08,-4,,16.0801,,
0.04,-4,,15.3664,,
0,-4,,16.3216,,
-0.04,-4,,16,,
-0.04,-4,,15.6816,,
-0.04,-4,,15.6816,,
-0.04,-4,,15.6816,,
0.03,-4,,15.6816,,
-0.01,-4,,16.2409,,
0.07,-4,,15.9201,,
0.07,-4,,16.5649,,
-0.01,-4,,16.5649,,
0.03,-4,,15.9201,,
-0.02,-4,,16.2409,,
0.03,-4,,15.8404,,
0.03,-4,,16.2409,,
-0.02,-4,,16.2409,,
0.06,-4,,15.8404,,
-0.03,-4,,16.4836,,
-0.03,-4,,15.7609,,
-0.03,-4,,15.7609,,
0.01,-4,,15.7609,,
-0.03,-4,,16.0801,,
-0.03,-4,,15.7609,,
0.01,-4,,15.7609,,
-0.08,-4,,16.0801,,
-0.04,-4,,15.3664,,
-0.11,-4,,15.6816,,
-0.11,-4,,15.1321,,
-0.03,-4,,15.1321,,
0.06,-4,,15.7609,,
0.06,-4,,16.4836,,
0.02,-4,,16.4836,,
0.06,-4,,16.1604,,
0.06,-4,,16.4836,,
-0.02,-4,,16.4836,,
-0.1,-4,,15.8404,,
-0.29,-4,,15.21,,
-0.21,-4,,13.7641,,
-0.21,-4,,14.3641,,
0.02,-4,,14.3641,,
-0.22,-4,,16.1604,,
-0.07,-4,,14.2884,,
-0.15,-4,,15.4449,,
-0.36,-4,,14.8225,,
-0.35,-4,,13.2496,,
-0.38,-4,,13.3225,,
-0.51,-4,,13.1044,,
-0.51,-4,,12.1801,,
-0.55,-4,,12.1801,,
-0.56,-4,,11.9025,,
-0.56,-4,,11.8336,,
-0.56,-4,,11.8336,,
-0.56,-4,,11.8336,,
-0.72,-4,,11.8336,,
-1,-4,,10.7584,,
-0.92,-4,,9,,
-0.8,-4,,9.4864,,
-1.18,-4,,10.24,,
-1.22,-4,,7.9524,,
-1.41,-4,,7.7284,,
-1.25,-4,,6.7081,,
-1.65,-4,,7.5625,,
-1.77,-4,,5.5225,,
-1.79,-4,,4.9729,,
-1.92,-4,,4.8841,,
-1.92,-4,,4.3264,,
-1.87,-4,,4.3264,,
-1.87,-4,,4.5369,,
-2.48,-4,,4.5369,,
-2.79,-4,,2.3104,,
-2.91,-4,,1.4641,,
-2.99,-4,,1.1881,,
-3.06,-4,,1.0201,,
-3.14,-4,,0.8836,,
-3.33,-4,,0.7396,,
-3.44,-4,,0.4489,,
-3.56,-4,,0.3136,,
-3.18,-4,,0.1936,,
-3.3,-4,,0.6724,,
-3.92,-4,,0.49,,
-4.08,-4,,0.0064,,
-3.79,-4,,0.0064,,
-3.65,-4,,0.0441,,
-4.18,-4,,0.1225,,
-4.1,-4,,0.0324,,
-4.17,-4,,0.01,,
-4.14,-4,,0.0289,,
-4.45,-4,,0.0196,,
-4.07,-4,,0.2025,,
-4.03,-4,,0.0049,,
-4.04,-4,,0.0009,,
-3.99,-4,,0.0016,,
-4.29,-4,,1E-04,,
-4.33,-4,,0.0841,,
-4.04,-4,,0.1089,,
-3.94,-4,,0.0016,,
-3.89,-4,,0.0036,,
-3.89,-4,,0.0121,,
-4.45,-4,,0.0121,,
-3.92,-4,,0.2025,,
-3.92,-4,,0.0064,,
-4.2,-4,,0.0064,,
-4.46,-4,,0.04,,
-3.96,-4,,0.2116,,
-3.91,-4,,0.0016,,
-4.05,-4,,0.0081,,
-4.28,-4,,0.0025,,
-4.35,-4,,0.0784,,
-4.24,-4,,0.1225,,
-4.21,-4,,0.0576,,
-4.23,-4,,0.0441,,
-4.49,-4,,0.0529,,
-4.61,-4,,0.2401,,
-4.35,-4,,0.3721,,
-4.27,-4,,0.1225,,
-4.39,-4,,0.0729,,
-4.77,-4,,0.1521,,
-4.96,-4,,0.5929,,
-4.4,-4,,0.9216,,
-4.46,-4,,0.16,,
-4.63,-4,,0.2116,,
-4.48,-4,,0.3969,,
-4.39,-4,,0.2304,,
-4.36,-4,,0.1521,,
-4.62,-4,,0.1296,,
-4.57,-4,,0.3844,,
-4.45,-4,,0.3249,,
-4.53,-4,,0.2025,,
-4.5,-4,,0.2809,,
-4.48,-4,,0.25,,
-4.46,-4,,0.2304,,
-4.54,-4,,0.2116,,
-4.33,-4,,0.2916,,
-4.5,-4,,0.1089,,
-4.34,-4,,0.25,,
-4.6,-4,,0.1156,,
-4.26,-4,,0.36,,
-4.36,-4,,0.0676,,
-4.55,-4,,0.1296,,
-4.53,-4,,0.3025,,
-4.4,-4,,0.2809,,
-4.38,-4,,0.16,,
-4.54,-4,,0.1444,,
-4.57,-4,,0.2916,,
-4.36,-4,,0.3249,,
-4.36,-4,,0.1296,,
-4.55,-4,,0.1296,,
-4.34,-4,,0.3025,,
-4.35,-4,,0.1156,,
-4.55,-4,,0.1225,,
-4.55,-4,,0.3025,,
-4.38,-4,,0.3025,,
-4.31,-4,,0.1444,,
-4.44,-4,,0.0961,,
-4.6,-4,,0.1936,,
-4.37,-4,,0.36,,
-4.46,-4,,0.1369,,
-4.49,-4,,0.2116,,
-4.26,-4,,0.2401,,
-4.34,-4,,0.0676,,
-4.27,-4,,0.1156,,
-4.59,-4,,0.0729,,
-4.3,-4,,0.3481,,
-4.23,-4,,0.09,,
-4.45,-4,,0.0529,,
-4.41,-4,,0.2025,,
-4.36,-4,,0.1681,,
-4.21,-4,,0.1296,,
-4.36,-4,,0.0441,,
-4.24,-4,,0.1296,,
-4.26,-4,,0.0576,,
-4.04,-4,,0.0676,,
-4.3,-4,,0.0016,,
-4.1,-4,,0.09,,
-4.1,-4,,0.01,,
-3.95,-4,,0.01,,
-4.24,-4,,0.0025,,
-4.13,-4,,0.0576,,
-4.13,-4,,0.0169,,
-4.21,-4,,0.0169,,
-4.28,-4,,0.0441,,
-4.03,-4,,0.0784,,
-4.05,-4,,0.0009,,
-4.07,-4,,0.0025,,
-3.89,-4,,0.0049,,
-3.85,-4,,0.0121,,
-4.06,-4,,0.0225,,
-4.08,-4,,0.0036,,
-4.12,-4,,0.0064,,
-3.98,-4,,0.0144,,
-4.3,-4,,0.0004,,
-4.49,-4,,0.09,,
-4.15,-4,,0.2401,,
-4.07,-4,,0.0225,,
-4.33,-4,,0.0049,,
-4.4,-4,,0.1089,,
-4.19,-4,,0.16,,
-4.24,-4,,0.0361,,
-4.32,-4,,0.0576,,
-4.32,-4,,0.1024,,
-4.28,-4,,0.1024,,
-4.07,-4,,0.0784,,
-4.6,-4,,0.0049,,
-4.55,-4,,0.36,,
-4.55,-4,,0.3025,,
-4.7,-4,,0.3025,,
-4.28,-4,,0.49,,
-4.3,-4,,0.0784,,
-4.22,-4,,0.09,,
-4.44,-4,,0.0484,,
-4.25,-4,,0.1936,,
-4.13,-4,,0.0625,,
-4.02,-4,,0.0169,,
-4.65,-4,,0.0004,,
-4.37,-4,,0.4225,,
-4.51,-4,,0.1369,,
-4.59,-4,,0.2601,,
-4.45,-4,,0.3481,,
-4.32,-4,,0.2025,,
-4.2,-4,,0.1024,,
-4.24,-4,,0.04,,
-4.45,-4,,0.0576,,
-4.09,-4,,0.2025,,
-4.17,-4,,0.0081,,
-4.25,-4,,0.0289,,
-4.06,-4,,0.0625,,
-4.08,-4,,0.0036,,
-4.32,-4,,0.0064,,
-4.32,-4,,0.1024,,
-4.17,-4,,0.1024,,
-4.02,-4,,0.0289,,
-4.33,-4,,0.0004,,
-4.46,-4,,0.1089,,
-3.96,-4,,0.2116,,
-3.94,-4,,0.0016,,
-4.07,-4,,0.0036,,
-3.91,-4,,0.0049,,
-3.84,-4,,0.0081,,
-4.01,-4,,0.0256,,
-4.21,-4,,1E-04,,
-4.2,-4,,0.0441,,
-4.07,-4,,0.04,,
-3.76,-4,,0.0049,,
-4.14,-4,,0.0576,,
-4.12,-4,,0.0196,,
-4.22,-4,,0.0144,,
-4.41,-4,,0.0484,,
-4.24,-4,,0.1681,,
-4.17,-4,,0.0576,,
-4.03,-4,,0.0289,,
-4.4,-4,,0.0009,,
-4.17,-4,,0.16,,
-4.08,-4,,0.0289,,
-4.28,-4,,0.0064,,
-4.37,-4,,0.0784,,
-4.11,-4,,0.1369,,
-4.02,-4,,0.0121,,
-4.39,-4,,0.0004,,
-4.29,-4,,0.1521,,
-4.05,-4,,0.0841,,
-3.99,-4,,0.0025,,
-4.22,-4,,1E-04,,
-4.42,-4,,0.0484,,
-3.96,-4,,0.1764,,
-3.94,-4,,0.0016,,
-4.13,-4,,0.0036,,
-4,-4,,0.0169,,
-3.94,-4,,0,,
-4.09,-4,,0.0036,,
-4.28,-4,,0.0081,,
-3.97,-4,,0.0784,,
-3.98,-4,,0.0009,,
-4.23,-4,,0.0004,,
-4.03,-4,,0.0529,,
-3.94,-4,,0.0009,,
-4,-4,,0.0036,,
-4.25,-4,,0,,
-3.94,-4,,0.0625,,
-4,-4,,0.0036,,
-3.92,-4,,0,,
-4.3,-4,,0.0064,,
-4.07,-4,,0.09,,
-4,-4,,0.0049,,
-3.88,-4,,0,,
-4.28,-4,,0.0144,,
-4.12,-4,,0.0784,,
-4.06,-4,,0.0144,,
-4.29,-4,,0.0036,,
-4.19,-4,,0.0841,,
-4.15,-4,,0.0361,,
-3.96,-4,,0.0225,,
-4.3,-4,,0.0016,,
-4.15,-4,,0.09,,
-4.15,-4,,0.0225,,
-4.32,-4,,0.0225,,
-4.3,-4,,0.1024,,
-4.09,-4,,0.09,,
-4.19,-4,,0.0081,,
-4.33,-4,,0.0361,,
-4.52,-4,,0.1089,,
-4.1,-4,,0.2704,,
-4.19,-4,,0.01,,
-4.38,-4,,0.0361,,
-4.51,-4,,0.1444,,
-4.09,-4,,0.2601,,
-4,-4,,0.0081,,
-4.14,-4,,0,,
-4,-4,,0.0196,,
-3.84,-4,,0,,
-4.11,-4,,0.0256,,
-4.28,-4,,0.0121,,
-3.85,-4,,0.0784,,
-3.94,-4,,0.0225,,
-4.11,-4,,0.0036,,
-3.89,-4,,0.0121,,
-3.95,-4,,0.0121,,
-3.86,-4,,0.0025,,
-4.05,-4,,0.0196,,
-3.79,-4,,0.0025,,
-3.79,-4,,0.0441,,
-3.67,-4,,0.0441,,
-3.93,-4,,0.1089,,
-3.78,-4,,0.0049,,
-3.99,-4,,0.0484,,
-4.07,-4,,1E-04,,
-4.12,-4,,0.0049,,
-3.99,-4,,0.0144,,
-4.03,-4,,1E-04,,
-4.33,-4,,0.0009,,
-4.08,4,,0.1089,,
-4.1,4,,65.2864,,
-4.3,4,,65.61,,
-4.15,4,,68.89,,
-3.99,4,,66.4225,,
-4.08,4,,63.8401,,
-4.25,4,,65.2864,,
-4.24,4,,68.0625,,
-3.97,4,,67.8976,,
-3.96,4,,63.5209,,
-3.89,4,,63.3616,,
-3.93,4,,62.2521,,
-3.58,4,,62.8849,,
-3.5,4,,57.4564,,
-3.2,4,,56.25,,
-2.95,4,,51.84,,
-2.98,4,,48.3025,,
-2.86,4,,48.7204,,
-2.63,4,,47.0596,,
-2.29,4,,43.9569,,
-2.08,4,,39.5641,,
-1.89,4,,36.9664,,
-1.71,4,,34.6921,,
-1.62,4,,32.6041,,
-1.37,4,,31.5844,,
-1.16,4,,28.8369,,
-0.86,4,,26.6256,,
-0.83,4,,23.6196,,
-0.71,4,,23.3289,,
-0.51,4,,22.1841,,
-0.44,4,,20.3401,,
-0.4,4,,19.7136,,
-0.32,4,,19.36,,
-0.19,4,,18.6624,,
-0.15,4,,17.5561,,
-0.12,4,,17.2225,,
0,4,,16.9744,,
0,4,,16,,
0.08,4,,16,,
0.12,4,,15.3664,,
0.04,4,,15.0544,,
0,4,,15.6816,,
0.08,4,,16,,
0.08,4,,15.3664,,
0.04,4,,15.3664,,
0.04,4,,15.6816,,
0.07,4,,15.6816,,
0.11,4,,15.4449,,
0.11,4,,15.1321,,
0,4,,15.1321,,
0.04,4,,16,,
0.07,4,,15.6816,,
0.03,4,,15.4449,,
-0.01,4,,15.7609,,
-0.01,4,,16.0801,,
-0.05,4,,16.0801,,
-0.01,4,,16.4025,,
-0.01,4,,16.0801,,
-0.09,4,,16.0801,,
-0.09,4,,16.7281,,
-0.05,4,,16.7281,,
-0.01,4,,16.4025,,
-0.05,4,,16.0801,,
-0.01,4,,16.4025,,
0.1,4,,16.0801,,
-0.06,4,,15.21,,
-0.1,4,,16.4836,,
-0.1,4,,16.81,,
-0.02,4,,16.81,,
-0.02,4,,16.1604,,
-0.06,4,,16.1604,,
-0.05,4,,16.4836,,
-0.01,4,,16.4025,,
-0.08,4,,16.0801,,
-0.08,4,,16.6464,,
-0.16,4,,16.6464,,
-0.04,4,,17.3056,,
-0.04,4,,16.3216,,
0.03,4,,16.3216,,
0.03,4,,15.7609,,
-0.04,4,,15.7609,,
-0.04,4,,16.3216,,
0.04,4,,16.3216,,
-0.03,4,,15.6816,,
-0.06,4,,16.2409,,
-0.01,4,,16.4836,,
0.07,4,,16.0801,,
0.11,4,,15.4449,,
0.03,4,,15.1321,,
-0.04,4,,15.7609,,
0.04,4,,16.3216,,
-0.05,4,,15.6816,,
-0.01,4,,16.4025,,
0.06,4,,16.0801,,
0.06,4,,15.5236,,
0.21,4,,15.5236,,
0.01,4,,14.3641,,
0.01,4,,15.9201,,
-0.06,4,,15.9201,,
-0.02,4,,16.4836,,
0.05,4,,16.1604,,
0.05,4,,15.6025,,
-0.03,4,,15.6025,,
0.01,4,,16.2409,,
-0.04,4,,15.9201,,
0.04,4,,16.3216,,
0,4,,15.6816,,
-0.08,4,,16,,
-0.08,4,,16.6464,,
-0.01,4,,16.6464,,
-0.05,4,,16.0801,,
-0.01,4,,16.4025,,
-0.05,4,,16.0801,,
-0.05,4,,16.4025,,
-0.08,4,,16.4025,,
-0.16,4,,16.6464,,
0,4,,17.3056,,
0,4,,16,,
0,4,,16,,
-0.04,4,,16,,
-0.04,4,,16.3216,,
-0.04,4,,16.3216,,
-0.13,4,,16.3216,,
-0.09,4,,17.0569,,
-0.09,4,,16.7281,,
-0.09,4,,16.7281,,
-0.05,4,,16.7281,,
-0.04,4,,16.4025,,
-0.04,4,,16.3216,,
0,4,,16.3216,,
0,4,,16,,
0.04,4,,16,,
0,4,,15.6816,,
0,4,,16,,
0.04,4,,16,,
0.08,4,,15.6816,,
0,4,,15.3664,,
-0.04,4,,16,,
0.04,4,,16.3216,,
0.01,4,,15.6816,,
0.01,4,,15.9201,,
0.01,4,,15.9201,,
0.13,4,,15.9201,,
0.05,4,,14.9769,,
-0.02,4,,15.6025,,
-0.02,4,,16.1604,,
0.01,4,,16.1604,,
0.04,4,,15.9201,,
0.04,4,,15.6816,,
0,4,,15.6816,,
-0.04,4,,16,,
-0.08,4,,16.3216,,
-0.08,4,,16.6464,,
-0.08,4,,16.6464,,
-0.04,4,,16.6464,,
-0.04,4,,16.3216,,
-0.08,4,,16.3216,,
-0.04,4,,16.6464,,
-0.05,4,,16.3216,,
-0.01,4,,16.4025,,
0.07,4,,16.0801,,
0.07,4,,15.4449,,
-0.05,4,,15.4449,,
-0.01,4,,16.4025,,
0.03,4,,16.0801,,
0.1,4,,15.7609,,
-0.01,4,,15.21,,
-0.01,4,,16.0801,,
0.03,4,,16.0801,,
0.03,4,,15.7609,,
-0.01,4,,15.7609,,
0.03,4,,16.0801,,
0.06,4,,15.7609,,
0.06,4,,15.5236,,
0.06,4,,15.5236,,
0.02,4,,15.5236,,
0.02,4,,15.8404,,
0.02,4,,15.8404,,
-0.02,4,,15.8404,,
-0.06,4,,16.1604,,
-0.14,4,,16.4836,,
-0.14,4,,17.1396,,
-0.02,4,,17.1396,,
-0.02,4,,16.1604,,
-0.02,4,,16.1604,,
-0.09,4,,16.1604,,
-0.05,4,,16.7281,,
-0.09,4,,16.4025,,
-0.05,4,,16.7281,,
0.06,4,,16.4025,,
0.14,4,,15.5236,,
0.1,4,,14.8996,,
0.1,4,,15.21,,
0.14,4,,15.21,,
0.22,4,,14.8996,,
0.22,4,,14.2884,,
0.37,4,,14.2884,,
0.54,4,,13.1769,,
0.54,4,,11.9716,,
0.58,4,,11.9716,,
0.66,4,,11.6964,,
0.74,4,,11.1556,,
0.93,4,,10.6276,,
1.04,4,,9.4249,,
1.17,4,,8.7616,,
1.21,4,,8.0089,,
1.37,4,,7.7841,,
1.62,4,,6.9169,,
1.61,4,,5.6644,,
1.5,4,,5.7121,,
1.59,4,,6.25,,
1.84,4,,5.8081,,
1.92,4,,4.6656,,
2.07,4,,4.3264,,
2.08,4,,3.7249,,
2.33,4,,3.6864,,
2.31,4,,2.7889,,
2.35,4,,2.8561,,
2.57,4,,2.7225,,
2.65,4,,2.0449,,
2.72,4,,1.8225,,
2.91,4,,1.6384,,
2.99,4,,1.1881,,
3.08,4,,1.0201,,
2.96,4,,0.8464,,
3.05,4,,1.0816,,
3.42,4,,0.9025,,
3.21,4,,0.3364,,
3.43,4,,0.6241,,
3.43,4,,0.3249,,
3.78,4,,0.3249,,
3.53,4,,0.0484,,
3.64,4,,0.2209,,
3.44,4,,0.1296,,
3.82,4,,0.3136,,
3.82,4,,0.0324,,
3.9,4,,0.0324,,
3.94,4,,0.01,,
3.94,4,,0.0036,,
4.16,4,,0.0036,,
4.01,4,,0.0256,,
4.01,4,,1E-04,,
3.95,4,,1E-04,,
3.85,4,,0.0025,,
4.22,4,,0.0225,,
4.47,4,,0.0484,,
4.11,4,,0.2209,,
4.19,4,,0.0121,,
4.23,4,,0.0361,,
4.31,4,,0.0529,,
4.33,4,,0.0961,,
4.33,4,,0.1089,,
4.37,4,,0.1089,,
4.8,4,,0.1369,,
4.3,4,,0.64,,
4.15,4,,0.09,,
4.53,4,,0.0225,,
4.45,4,,0.2809,,
4.31,4,,0.2025,,
3.97,4,,0.0961,,
4.43,4,,0.0009,,
4.33,4,,0.1849,,
4.3,4,,0.1089,,
4.48,4,,0.09,,
4.23,4,,0.2304,,
4.03,4,,0.0529,,
4.27,4,,0.0009,,
4.06,4,,0.0729,,
4.2,4,,0.0036,,
4.21,4,,0.04,,
3.75,4,,0.0441,,
4.13,4,,0.0625,,
4.06,4,,0.0169,,
3.68,4,,0.0036,,
3.68,4,,0.1024,,
4.4,4,,0.1024,,
3.82,4,,0.16,,
3.9,4,,0.0324,,
4.2,4,,0.01,,
4.24,4,,0.04,,
4.11,4,,0.0576,,
4.09,4,,0.0121,,
4.24,4,,0.0081,,
4.24,4,,0.0576,,
4.12,4,,0.0576,,
4.06,4,,0.0144,,
4.15,4,,0.0036,,
4.34,4,,0.0225,,
4.09,4,,0.1156,,
4.2,4,,0.0081,,
4.39,4,,0.04,,
4.2,4,,0.1521,,
4.08,4,,0.04,,
4.65,4,,0.0064,,
4.44,4,,0.4225,,
3.9,4,,0.1936,,
4.19,4,,0.01,,
4.15,4,,0.0361,,
4.12,4,,0.0225,,
4.2,4,,0.0144,,
4.29,4,,0.04,,
4.18,4,,0.0841,,
4.18,4,,0.0324,,
4,4,,0.0324,,
4.29,4,,0,,
4.25,4,,0.0841,,
4.21,4,,0.0625,,
4.27,4,,0.0441,,
4.25,4,,0.0729,,
4.41,4,,0.0625,,
4.1,4,,0.1681,,
3.91,4,,0.01,,
4.33,4,,0.0081,,
4.1,4,,0.1089,,
4.26,4,,0.01,,
3.97,4,,0.0676,,
4.51,4,,0.0009,,
4.31,4,,0.2601,,
4.07,4,,0.0961,,
4.19,4,,0.0049,,
4.18,4,,0.0361,,
4.18,4,,0.0324,,
3.84,4,,0.0324,,
4.4,4,,0.0256,,
4.28,4,,0.16,,
4.52,4,,0.0784,,
4.26,4,,0.2704,,
4.06,4,,0.0676,,
4.52,4,,0.0036,,
3.98,4,,0.2704,,
4.06,4,,0.0004,,
4.48,4,,0.0036,,
4.39,4,,0.2304,,
3.94,4,,0.1521,,
4.3,4,,0.0036,,
4.47,4,,0.09,,
3.79,4,,0.2209,,
3.98,4,,0.0441,,
4.1,4,,0.0004,,
4.11,4,,0.01,,
3.88,4,,0.0121,,
4.21,4,,0.0144,,
4.34,4,,0.0441,,
3.74,4,,0.1156,,
3.87,4,,0.0676,,
3.84,4,,0.0169,,
3.82,4,,0.0256,,
4.05,4,,0.0324,,
3.48,4,,0.0025,,
4.09,4,,0.2704,,
4.34,4,,0.0081,,
4.04,4,,0.1156,,
3.83,4,,0.0016,,
4.16,4,,0.0289,,
3.97,4,,0.0256,,
4.03,4,,0.0009,,
3.92,4,,0.0009,,
4.26,4,,0.0064,,
4.16,4,,0.0676,,
4.06,4,,0.0256,,
4.13,4,,0.0036,,
3.92,4,,0.0169,,
4.01,4,,0.0064,,
3.94,4,,1E-04,,
4.14,4,,0.0036,,
4.07,4,,0.0196,,
3.92,4,,0.0049,,
4.19,4,,0.0064,,
4.28,4,,0.0361,,
4,4,,0.0784,,
3.83,4,,0,,
4.08,4,,0.0289,,
4.2,4,,0.0064,,
3.99,4,,0.04,,
4.02,4,,1E-04,,
4.13,4,,0.0004,,
4.13,4,,0.0169,,
3.8,4,,0.0169,,
3.82,4,,0.04,,
3.8,4,,0.0324,,
3.88,4,,0.04,,
3.96,4,,0.0144,,
4.04,4,,0.0016,,
4.33,4,,0.0016,,
3.91,4,,0.1089,,
3.73,4,,0.0081,,
4.11,4,,0.0729,,
3.92,4,,0.0121,,
3.87,4,,0.0064,,
3.94,4,,0.0169,,
3.98,4,,0.0036,,
3.89,4,,0.0004,,
3.85,4,,0.0121,,
3.81,4,,0.0225,,
4.16,4,,0.0361,,
3.85,4,,0.0256,,
3.85,4,,0.0225,,
3.64,4,,0.0225,,
4.04,4,,0.1296,,
4.21,4,,0.0016,,
4.02,4,,0.0441,,
4.18,4,,0.0004,,
3.97,4,,0.0324,,
3.86,4,,0.0009,,
3.79,4,,0.0196,,
4.29,4,,0.0441,,
3.94,4,,0.0841,,
3.86,4,,0.0036,,
4.16,4,,0.0196,,
4.21,4,,0.0256,,
4.16,4,,0.0441,,
3.96,4,,0.0256,,
3.98,4,,0.0016,,
4.14,4,,0.0004,,
3.98,4,,0.0196,,
4.07,4,,0.0004,,
4.18,4,,0.0049,,
4.43,4,,0.0324,,
4.09,4,,0.1849,,
4.06,4,,0.0081,,
4.16,4,,0.0036,,
4,4,,0.0256,,
3.91,4,,0,,
4.15,4,,0.0081,,
4.31,4,,0.0225,,
3.92,4,,0.0961,,
4.07,4,,0.0064,,
4.05,4,,0.0049,,
3.84,4,,0.0025,,
3.84,4,,0.0256,,
4.01,4,,0.0256,,
4.14,4,,1E-04,,
4.04,4,,0.0196,,
3.92,4,,0.0016,,
3.58,4,,0.0064,,
4.13,4,,0.1764,,
4.15,4,,0.0169,,
3.9,4,,0.0225,,
3.69,4,,0.01,,
4.35,4,,0.0961,,
4.23,4,,0.1225,,
3.98,4,,0.0529,,
4.23,4,,0.0004,,
4.08,4,,0.0529,,
4,4,,0.0064,,
3.85,4,,0,,
4.2,4,,0.0225,,
4.08,4,,0.04,,
3.9,4,,0.0064,,
4.36,4,,0.01,,
4.55,4,,0.1296,,
4.33,4,,0.3025,,
4.13,4,,0.1089,,
4.47,4,,0.0169,,
4.47,4,,0.2209,,
3.96,4,,0.2209,,
4.09,4,,0.0016,,
4.37,4,,0.0081,,
4.12,4,,0.1369,,
3.87,4,,0.0144,,
3.89,4,,0.0169,,
4.31,4,,0.0121,,
4.06,4,,0.0961,,
3.71,4,,0.0036,,
4.59,4,,0.0841,,
4.68,4,,0.3481,,
4.24,4,,0.4624,,
4.03,4,,0.0576,,
4.11,4,,0.0009,,
3.69,4,,0.0121,,
3.63,4,,0.0961,,
3.86,4,,0.1369,,
3.82,4,,0.0196,,
3.44,4,,0.0324,,
3.81,4,,0.3136,,
3.65,4,,0.0361,,
4.2,4,,0.1225,,
3.92,4,,0.04,,
4.13,4,,0.0064,,
3.5,4,,0.0169,,
3.86,4,,0.25,,
3.83,4,,0.0196,,
3.83,4,,0.0289,,
3.83,4,,0.0289,,
3.03,4,,0.0289,,
3.27,4,,0.9409,,
3.13,4,,0.5329,,
3.88,4,,0.7569,,
3.75,4,,0.0144,,
3.63,4,,0.0625,,
3.88,0,,0.1369,,
4.26,0,,15.0544,,
4.21,0,,18.1476,,
4.06,0,,17.7241,,
4.42,0,,16.4836,,
4.68,0,,19.5364,,
3.83,0,,21.9024,,
4.12,0,,14.6689,,
4.66,0,,16.9744,,
4.37,0,,21.7156,,
3.87,0,,19.0969,,
3.64,0,,14.9769,,
3.68,0,,13.2496,,
3.75,0,,13.5424,,
3.62,0,,14.0625,,
3.22,0,,13.1044,,
3.18,0,,10.3684,,
2.6,0,,10.1124,,
2.52,0,,6.76,,
2.27,0,,6.3504,,
1.77,0,,5.1529,,
1.24,0,,3.1329,,
1.37,0,,1.5376,,
1.44,0,,1.8769,,
0.67,0,,2.0736,,
0.36,0,,0.4489,,
0.4,0,,0.1296,,
0.12,0,,0.16,,
-0.46,0,,0.0144,,
-0.21,0,,0.2116,,
-0.29,0,,0.0441,,
-0.45,0,,0.0841,,
-0.53,0,,0.2025,,
-0.53,0,,0.2809,,
-0.52,0,,0.2809,,
-0.4,0,,0.2704,,
-0.28,0,,0.16,,
-0.25,0,,0.0784,,
-0.16,0,,0.0625,,
0.03,0,,0.0256,,
-0.09,0,,0.0009,,
-0.17,0,,0.0081,,
-0.21,0,,0.0289,,
-0.13,0,,0.0441,,
-0.14,0,,0.0169,,
0.01,0,,0.0196,,
-0.11,0,,0.0001,,
-0.03,0,,0.0121,,
-0.02,0,,0.0009,,
0.02,0,,0.0004,,
0.14,0,,0.0004,,
0.14,0,,0.0196,,
0.18,0,,0.0196,,
0.14,0,,0.0324,,
0.01,0,,0.0196,,
-0.03,0,,0.0001,,
0.07,0,,0.0009,,
0.03,0,,0.0049,,
-0.05,0,,0.0009,,
-0.2,0,,0.0025,,
-0.16,0,,0.04,,
-0.12,0,,0.0256,,
-0.08,0,,0.0144,,
-0.08,0,,0.0064,,
-0.04,0,,0.0064,,
-0.11,0,,0.0016,,
0.02,0,,0.0121,,
-0.07,0,,0.0004,,
-0.12,0,,0.0049,,
0,0,,0.0144,,
-0.04,0,,0,,
-0.08,0,,0.0016,,
-0.08,0,,0.0064,,
-0.04,0,,0.0064,,
0.04,0,,0.0016,,
0.09,0,,0.0016,,
-0.01,0,,0.0081,,
0.03,0,,0.0001,,
0.1,0,,0.0009,,
0.15,0,,0.01,,
0.15,0,,0.0225,,
0.03,0,,0.0225,,
0.07,0,,0.0009,,
0.04,0,,0.0049,,
0.08,0,,0.0016,,
0.08,0,,0.0064,,
0.01,0,,0.0064,,
0.05,0,,0.0001,,
0.13,0,,0.0025,,
0.1,0,,0.0169,,
0.02,0,,0.01,,
0.14,0,,0.0004,,
0.14,0,,0.0196,,
0.1,0,,0.0196,,
0.1,0,,0.01,,
-0.05,0,,0.01,,
-0.08,0,,0.0025,,
-0.16,0,,0.0064,,
-0.06,0,,0.0256,,
-0.06,0,,0.0036,,
-0.02,0,,0.0036,,
0.1,0,,0.0004,,
0.06,0,,0.01,,
0.14,0,,0.0036,,
0.1,0,,0.0196,,
0.05,0,,0.01,,
0.13,0,,0.0025,,
0.08,0,,0.0169,,
0.12,0,,0.0064,,
-0.03,0,,0.0144,,
0.04,0,,0.0009,,
-0.11,0,,0.0016,,
-0.15,0,,0.0121,,
-0.07,0,,0.0225,,
0,0,,0.0049,,
0.11,0,,0,,
0.03,0,,0.0121,,
0.11,0,,0.0009,,
0,0,,0.0121,,
0,0,,0,,
-0.07,0,,0,,
-0.08,0,,0.0049,,
-0.08,0,,0.0064,,
-0.08,0,,0.0064,,
-0.22,0,,0.0064,,
-0.22,0,,0.0484,,
-0.14,0,,0.0484,,
-0.1,0,,0.0196,,
-0.1,0,,0.01,,
0.06,0,,0.01,,
0.02,0,,0.0036,,
0.13,0,,0.0004,,
0.13,0,,0.0169,,
0.09,0,,0.0169,,
0.02,0,,0.0081,,
-0.06,0,,0.0004,,
-0.02,0,,0.0036,,
-0.02,0,,0.0004,,
0.06,0,,0.0004,,
-0.02,0,,0.0036,,
0.09,0,,0.0004,,
0.01,0,,0.0081,,
0.05,0,,0.0001,,
0.01,0,,0.0025,,
0.15,0,,0.0001,,
0.07,0,,0.0225,,
0.07,0,,0.0049,,
0.04,0,,0.0049,,
-0.01,0,,0.0016,,
-0.09,0,,0.0001,,
-0.01,0,,0.0081,,
-0.05,0,,0.0001,,
-0.01,0,,0.0025,,
-0.05,0,,0.0001,,
-0.05,0,,0.0025,,
0.03,0,,0.0025,,
0.03,0,,0.0009,,
0.11,0,,0.0009,,
0.03,0,,0.0121,,
0.11,0,,0.0009,,
-0.01,0,,0.0121,,
0.03,0,,0.0001,,
-0.01,0,,0.0009,,
0.04,0,,0.0001,,
-0.04,0,,0.0016,,
0.04,0,,0.0016,,
-0.04,0,,0.0016,,
-0.04,0,,0.0016,,
0.04,0,,0.0016,,
0.04,0,,0.0016,,
0,0,,0.0016,,
-0.07,0,,0,,
-0.03,0,,0.0049,,
0.01,0,,0.0009,,
-0.02,0,,0.0001,,
0.02,0,,0.0004,,
-0.06,0,,0.0004,,
-0.02,0,,0.0036,,
-0.06,0,,0.0004,,
-0.02,0,,0.0036,,
0.02,0,,0.0004,,
0.02,0,,0.0004,,
0.02,0,,0.0004,,
-0.02,0,,0.0004,,
0.05,0,,0.0004,,
0.09,0,,0.0025,,
0.09,0,,0.0081,,
0.05,0,,0.0081,,
0.02,0,,0.0025,,
-0.02,0,,0.0004,,
-0.02,0,,0.0004,,
0.05,0,,0.0004,,
0.01,0,,0.0025,,
0.08,0,,0.0001,,
0.11,0,,0.0064,,
0.03,0,,0.0121,,
0.11,0,,0.0009,,
-0.01,0,,0.0121,,
-0.01,0,,0.0001,,
0.02,0,,0.0001,,
0.02,0,,0.0004,,
-0.02,0,,0.0004,,
-0.02,0,,0.0004,,
-0.02,0,,0.0004,,
-0.02,0,,0.0004,,
-0.06,0,,0.0004,,
-0.06,0,,0.0036,,
-0.02,0,,0.0036,,
0.02,0,,0.0004,,
0.02,0,,0.0004,,
0.06,0,,0.0004,,
0.06,0,,0.0036,,
0.06,0,,0.0036,,
-0.09,0,,0.0036,,
-0.02,0,,0.0081,,
-0.05,0,,0.0004,,
-0.02,0,,0.0025,,
-0.02,0,,0.0004,,
0.06,0,,0.0004,,
-0.09,0,,0.0036,,
-0.05,0,,0.0081,,
0.06,0,,0.0025,,
0.06,0,,0.0036,,
0.06,0,,0.0036,,
-0.05,0,,0.0036,,
-0.01,0,,0.0025,,
-0.01,0,,0.0001,,
-0.01,0,,0.0001,,
-0.05,0,,0.0001,,
-0.01,0,,0.0025,,
-0.09,0,,0.0001,,
-0.01,0,,0.0081,,
-0.01,0,,0.0001,,
0.07,0,,0.0001,,
-0.04,0,,0.0049,,
0.07,0,,0.0016,,
-0.01,0,,0.0049,,
-0.01,0,,0.0001,,
-0.04,0,,0.0001,,
0.08,0,,0.0016,,
0.04,0,,0.0064,,
0.01,0,,0.0016,,
0.01,0,,0.0001,,
-0.06,0,,0.0001,,
0.09,0,,0.0036,,
0.09,0,,0.0081,,
0.02,0,,0.0081,,
0.05,0,,0.0004,,
0.05,0,,0.0025,,
0.05,0,,0.0025,,
0.05,0,,0.0025,,
-0.04,0,,0.0025,,
-0.04,0,,0.0016,,
0.05,0,,0.0016,,
0.16,0,,0.0025,,
0.04,0,,0.0256,,
0.08,0,,0.0016,,
0.04,0,,0.0064,,
0.04,0,,0.0016,,
0.04,0,,0.0016,,
-0.01,0,,0.0016,,
-0.05,0,,0.0001,,
-0.05,0,,0.0025,,
0.03,0,,0.0025,,
0.03,0,,0.0009,,
-0.01,0,,0.0009,,
0.03,0,,0.0001,,
-0.01,0,,0.0009,,
-0.01,0,,0.0001,,
-0.05,0,,0.0001,,
-0.01,0,,0.0025,,
0.02,0,,0.0001,,
-0.02,0,,0.0004,,
-0.1,0,,0.0004,,
-0.1,0,,0.01,,
-0.02,0,,0.01,,
-0.14,0,,0.0004,,
-0.06,0,,0.0196,,
-0.06,0,,0.0036,,
-0.1,0,,0.0036,,
-0.05,0,,0.01,,
-0.05,0,,0.0025,,
-0.01,0,,0.0025,,
0.03,0,,0.0001,,
-0.01,0,,0.0009,,
0.03,0,,0.0001,,
0.06,0,,0.0009,,
-0.01,0,,0.0036,,
-0.01,0,,0.0001,,
0.08,0,,0.0001,,
0.04,0,,0.0064,,
0.01,0,,0.0016,,
0.05,0,,0.0001,,
0.05,0,,0.0025,,
-0.03,0,,0.0025,,
-0.03,0,,0.0009,,
0.13,0,,0.0009,,
0.05,0,,0.0169,,
0.05,0,,0.0025,,
0.05,0,,0.0025,,
0.05,0,,0.0025,,
0.05,0,,0.0025,,
0.04,0,,0.0025,,
0.01,0,,0.0016,,
0.01,0,,0.0001,,
-0.03,0,,0.0001,,
-0.07,0,,0.0009,,
-0.04,0,,0.0049,,
-0.04,0,,0.0016,,
-0.08,0,,0.0016,,
0.04,0,,0.0064,,
0.12,0,,0.0016,,
-0.04,0,,0.0144,,
-0.04,0,,0.0016,,
-0.04,0,,0.0016,,
-0.04,0,,0.0016,,
-0.07,0,,0.0016,,
0.05,0,,0.0049,,
0.09,0,,0.0025,,
0.04,0,,0.0081,,
0.04,0,,0.0016,,
0.08,0,,0.0016,,
-0.03,0,,0.0064,,
-0.03,0,,0.0009,,
0.01,0,,0.0009,,
0.05,0,,0.0001,,
0.04,0,,0.0025,,
0.04,0,,0.0016,,
0.04,0,,0.0016,,
0.08,0,,0.0016,,
-0.04,0,,0.0064,,
-0.16,0,,0.0016,,
0,0,,0.0256,,
0,0,,0,,
0.07,0,,0,,
0.03,0,,0.0049,,
0.03,0,,0.0009,,
-0.06,0,,0.0009,,
-0.09,0,,0.0036,,
-0.01,0,,0.0081,,
-0.04,0,,0.0001,,
-0.08,0,,0.0016,,
-0.01,0,,0.0064,,
-0.01,0,,0.0001,,
0.02,0,,0.0001,,
-0.05,0,,0.0004,,
-0.01,0,,0.0025,,
-0.01,0,,0.0001,,
-0.01,0,,0.0001,,
-0.01,0,,0.0001,,
-0.01,0,,0.0001,,
0.03,0,,0.0001,,
0.03,0,,0.0009,,
0.07,0,,0.0009,,
-0.09,0,,0.0049,,
-0.05,0,,0.0081,,
0.02,0,,0.0025,,
0.02,0,,0.0004,,
-0.02,0,,0.0004,,
-0.02,0,,0.0004,,
-0.03,0,,0.0004,,
-0.03,0,,0.0009,,
0.05,0,,0.0009,,
0.05,0,,0.0025,,
-0.11,0,,0.0025,,
0.02,0,,0.0121,,
-0.02,0,,0.0004,,
-0.02,0,,0.0004,,
-0.02,0,,0.0004,,
-0.02,0,,0.0004,,
0.05,0,,0.0004,,
-0.07,0,,0.0025,,
-0.04,0,,0.0049,,
-0.03,0,,0.0016,,
0.05,0,,0.0009,,
0.05,0,,0.0025,,
-0.02,0,,0.0025,,
0.06,0,,0.0004,,
0.03,0,,0.0036,,
-0.04,0,,0.0009,,
0.04,0,,0.0016,,
0.11,0,,0.0016,,
-0.04,0,,0.0121,,
-0.04,0,,0.0016,,
-0.03,0,,0.0016,,
-0.07,0,,0.0009,,
0.01,0,,0.0049,,
0.05,0,,0.0001,,
0.01,0,,0.0025,,
-0.03,0,,0.0001,,
-0.02,0,,0.0009,,
0.07,0,,0.0004,,
0.03,0,,0.0049,,
-0.01,0,,0.0009,,
-0.01,0,,0.0001,,
-0.01,0,,0.0001,,
-0.01,0,,0.0001,,
-0.1,0,,0.0001,,
0.02,0,,0.01,,
0.1,0,,0.0004,,
0.06,0,,0.01,,
-0.09,0,,0.0036,,
0.02,0,,0.0081,,
0.02,0,,0.0004,,
0.1,0,,0.0004,,
0.01,0,,0.01,,
-0.03,0,,0.0001,,
-0.07,0,,0.0009,,
0.04,0,,0.0049,,
0.04,0,,0.0016,,
0.04,0,,0.0016,,
0.07,0,,0.0016,,
0.07,0,,0.0049,,
0.07,0,,0.0049,,
0.03,0,,0.0049,,
-0.09,0,,0.0009,,
-0.02,0,,0.0081,,
0.06,0,,0.0004,,
0.02,0,,0.0036,,
-0.02,0,,0.0004,,
-0.02,0,,0.0004,,
0.06,0,,0.0004,,
-0.05,0,,0.0036,,
-0.01,0,,0.0025,,
-0.01,0,,0.0001,,
-0.04,0,,0.0001,,
0.04,0,,0.0016,,
0.12,0,,0.0016,,
0.04,0,,0.0144,,
-0.03,0,,0.0016,,
-0.03,0,,0.0009,,
-0.03,0,,0.0009,,
-0.03,0,,0.0009,,
-0.07,0,,0.0009,,
-0.03,0,,0.0049,,
0.17,0,,0.0009,,
0.02,0,,0.0289,,
-0.03,0,,0.0004,,
0.01,0,,0.0009,,
-0.07,0,,0.0001,,
-0.07,0,,0.0049,,
0,0,,0.0049,,
0.03,0,,0,,
-0.01,0,,0.0009,,
0.03,0,,0.0001,,
0.1,0,,0.0009,,
0.02,0,,0.01,,
-0.02,0,,0.0004,,
-0.06,0,,0.0004,,
0.02,0,,0.0036,,
-0.06,0,,0.0004,,
-0.02,0,,0.0036,,
-0.02,0,,0.0004,,
0.06,0,,0.0004,,
0.1,0,,0.0036,,
-0.01,0,,0.01,,
0.03,0,,0.0001,,
0.03,0,,0.0009,,
-0.09,0,,0.0009,,
0.03,0,,0.0081,,
0.07,0,,0.0009,,
0.04,0,,0.0049,,
0.04,0,,0.0016,,
0.04,0,,0.0016,,
0,0,,0.0016,,
0,0,,0,,
0,0,,0,,
0,0,,0,,
-0.04,0,,0,,
0.03,0,,0.0016,,
0.07,0,,0.0009,,
-0.02,0,,0.0049,,
-0.02,0,,0.0004,,
-0.1,0,,0.0004,,
-0.18,0,,0.01,,
-0.14,0,,0.0324,,
-0.1,0,,0.0196,,
-0.1,0,,0.01,,
-0.02,0,,0.01,,
-0.1,0,,0.0004,,
-0.13,0,,0.01,,
-0.22,0,,0.0169,,
-0.14,0,,0.0484,,
-0.14,0,,0.0196,,
-0.14,0,,0.0196,,
-0.14,0,,0.0196,,
-0.1,0,,0.0196,,
-0.1,0,,0.01,,
-0.02,0,,0.01,,
-0.09,0,,0.0004,,
-0.05,0,,0.0081,,
-0.01,0,,0.0025,,
0.04,0,,0.0001,,
0.08,0,,0.0016,,
0.12,0,,0.0064,,
0.08,0,,0.0144,,
0.08,0,,0.0064,,
0.04,0,,0.0064,,
0.07,0,,0.0016,,
0.07,0,,0.0049,,
0.11,0,,0.0049,,
0.15,0,,0.0121,,
0.07,0,,0.0225,,
0.07,0,,0.0049,,
0.07,0,,0.0049,,
0.11,0,,0.0049,,
0.07,0,,0.0121,,
0.07,0,,0.0049,,
0.04,0,,0.0049,,
0.04,0,,0.0016,,
-0.01,0,,0.0016,,
-0.01,0,,0.0001,,
-0.01,0,,0.0001,,
-0.01,0,,0.0001,,
-0.05,0,,0.0001,,
0.03,0,,0.0025,,
0.03,0,,0.0009,,
-0.01,0,,0.0009,,
-0.04,0,,0.0001,,
-0.04,0,,0.0016,,
-0.08,0,,0.0016,,
0.01,0,,0.0064,,
-0.07,0,,0.0001,,
-0.07,0,,0.0049,,
-0.07,0,,0.0049,,
0.05,0,,0.0049,,
-0.03,0,,0.0025,,
-0.03,0,,0.0009,,
0.01,0,,0.0009,,
0.01,0,,0.0001,,
0.05,0,,0.0001,,
0.05,0,,0.0025,,
0.01,0,,0.0025,,
0.01,0,,0.0001,,
0.05,0,,0.0001,,
-0.03,0,,0.0025,,
-0.03,0,,0.0009,,
0.05,0,,0.0009,,
0.05,0,,0.0025,,
0.09,0,,0.0025,,
0.09,0,,0.0081,,
0.01,0,,0.0081,,
0.16,0,,0.0001,,
0.16,0,,0.0256,,
0.05,0,,0.0256,,
-0.03,0,,0.0025,,
0.05,0,,0.0009,,
-0.04,0,,0.0025,,
-0.04,0,,0.0016,,
-0.04,0,,0.0016,,
-0.08,0,,0.0016,,
-0.04,0,,0.0064,,
-0.08,0,,0.0016,,
-0.01,0,,0.0064,,
-0.01,0,,0.0001,,
-0.04,0,,0.0001,,
-0.09,0,,0.0016,,
-0.13,0,,0.0081,,
0,0,,0.0169,,
0.04,0,,0,,
0,0,,0.0016,,
0.04,0,,0,,
-0.04,0,,0.0016,,
0,0,,0.0016,,
0.11,0,,0,,
0.04,0,,0.0121,,
-0.01,0,,0.0016,,
0.08,0,,0.0001,,
0.08,0,,0.0064,,
0.08,0,,0.0064,,
0.08,0,,0.0064,,
0.08,0,,0.0064,,
0.05,0,,0.0064,,
-0.03,0,,0.0025,,
0.05,0,,0.0009,,
0.12,0,,0.0025,,
0.13,0,,0.0144,,
0.13,0,,0.0169,,
0.05,0,,0.0169,,
-0.07,0,,0.0025,,
0.01,0,,0.0049,,
-0.03,0,,0.0001,,
0.01,0,,0.0009,,
-0.02,0,,0.0001,,
-0.02,0,,0.0004,,
-0.1,0,,0.0004,,
-0.06,0,,0.01,,
-0.06,0,,0.0036,,
-0.06,0,,0.0036,,
0.01,0,,0.0036,,
-0.11,0,,0.0001,,
